[
{
  "model": "admin.logentry",
  "pk": 1,
  "fields": {
    "action_time": "2025-09-22T17:25:26.307Z",
    "user": 1,
    "content_type": 10,
    "object_id": "9",
    "object_repr": "Silver Combo (+N100000)",
    "action_flag": 1,
    "change_message": "[{\"added\": {}}]"
  }
},
{
  "model": "admin.logentry",
  "pk": 2,
  "fields": {
    "action_time": "2025-09-22T17:51:07.950Z",
    "user": 1,
    "content_type": 10,
    "object_id": "9",
    "object_repr": "Silver Combo (+N1000000)",
    "action_flag": 2,
    "change_message": "[{\"changed\": {\"fields\": [\"Price\", \"Image\"]}}]"
  }
},
{
  "model": "admin.logentry",
  "pk": 3,
  "fields": {
    "action_time": "2025-09-22T18:02:22.747Z",
    "user": 1,
    "content_type": 8,
    "object_id": "11",
    "object_repr": "xxx",
    "action_flag": 1,
    "change_message": "[{\"added\": {}}]"
  }
},
{
  "model": "admin.logentry",
  "pk": 4,
  "fields": {
    "action_time": "2025-09-22T18:12:53.153Z",
    "user": 1,
    "content_type": 8,
    "object_id": "11",
    "object_repr": "xxx",
    "action_flag": 2,
    "change_message": "[{\"changed\": {\"fields\": [\"Date taken\"]}}]"
  }
},
{
  "model": "admin.logentry",
  "pk": 5,
  "fields": {
    "action_time": "2025-09-22T18:31:02.629Z",
    "user": 1,
    "content_type": 8,
    "object_id": "11",
    "object_repr": "xxx",
    "action_flag": 3,
    "change_message": ""
  }
},
{
  "model": "admin.logentry",
  "pk": 6,
  "fields": {
    "action_time": "2025-09-22T18:31:24.981Z",
    "user": 1,
    "content_type": 8,
    "object_id": "13",
    "object_repr": "ozjan",
    "action_flag": 3,
    "change_message": ""
  }
},
{
  "model": "admin.logentry",
  "pk": 7,
  "fields": {
    "action_time": "2025-09-22T18:33:28.720Z",
    "user": 1,
    "content_type": 10,
    "object_id": "7",
    "object_repr": "Photo Premium (+N600000.00)",
    "action_flag": 2,
    "change_message": "[{\"changed\": {\"fields\": [\"Deliverables\"]}}]"
  }
},
{
  "model": "admin.logentry",
  "pk": 8,
  "fields": {
    "action_time": "2025-09-22T18:35:51.849Z",
    "user": 1,
    "content_type": 10,
    "object_id": "9",
    "object_repr": "Silver Combo (+N1000000.00)",
    "action_flag": 2,
    "change_message": "[{\"changed\": {\"fields\": [\"Deliverables\", \"Image\"]}}]"
  }
},
{
  "model": "admin.logentry",
  "pk": 9,
  "fields": {
    "action_time": "2025-09-22T18:39:56.406Z",
    "user": 1,
    "content_type": 10,
    "object_id": "9",
    "object_repr": "Silver Combo (+N1000000.00)",
    "action_flag": 2,
    "change_message": "[{\"changed\": {\"fields\": [\"Image\"]}}]"
  }
},
{
  "model": "admin.logentry",
  "pk": 10,
  "fields": {
    "action_time": "2025-09-22T18:43:54.245Z",
    "user": 1,
    "content_type": 10,
    "object_id": "9",
    "object_repr": "Silver Combo (+N1000000.00)",
    "action_flag": 2,
    "change_message": "[{\"changed\": {\"fields\": [\"Image\"]}}]"
  }
},
{
  "model": "admin.logentry",
  "pk": 11,
  "fields": {
    "action_time": "2025-09-22T18:43:55.497Z",
    "user": 1,
    "content_type": 10,
    "object_id": "9",
    "object_repr": "Silver Combo (+N1000000.00)",
    "action_flag": 2,
    "change_message": "[{\"changed\": {\"fields\": [\"Image\"]}}]"
  }
},
{
  "model": "admin.logentry",
  "pk": 12,
  "fields": {
    "action_time": "2025-09-22T18:46:55.165Z",
    "user": 1,
    "content_type": 10,
    "object_id": "9",
    "object_repr": "Silver Combo (+N1000000.00)",
    "action_flag": 2,
    "change_message": "[{\"changed\": {\"fields\": [\"Deliverables\"]}}]"
  }
},
{
  "model": "admin.logentry",
  "pk": 13,
  "fields": {
    "action_time": "2025-09-22T18:48:01.792Z",
    "user": 1,
    "content_type": 10,
    "object_id": "4",
    "object_repr": "Diamond Combo (+N1500000.00)",
    "action_flag": 2,
    "change_message": "[{\"changed\": {\"fields\": [\"Deliverables\"]}}]"
  }
},
{
  "model": "admin.logentry",
  "pk": 14,
  "fields": {
    "action_time": "2025-09-22T19:21:26.567Z",
    "user": 1,
    "content_type": 10,
    "object_id": "9",
    "object_repr": "Silver Combo (+N1000000.00)",
    "action_flag": 2,
    "change_message": "[{\"changed\": {\"fields\": [\"Image\"]}}]"
  }
},
{
  "model": "admin.logentry",
  "pk": 15,
  "fields": {
    "action_time": "2025-09-22T19:21:34.691Z",
    "user": 1,
    "content_type": 10,
    "object_id": "9",
    "object_repr": "Silver Combo (+N1000000.00)",
    "action_flag": 2,
    "change_message": "[{\"changed\": {\"fields\": [\"Image\"]}}]"
  }
},
{
  "model": "admin.logentry",
  "pk": 16,
  "fields": {
    "action_time": "2025-09-22T19:22:24.757Z",
    "user": 1,
    "content_type": 10,
    "object_id": "9",
    "object_repr": "Silver Combo (+N1000000.00)",
    "action_flag": 2,
    "change_message": "[{\"changed\": {\"fields\": [\"Category\"]}}]"
  }
},
{
  "model": "admin.logentry",
  "pk": 17,
  "fields": {
    "action_time": "2025-09-22T19:24:08.369Z",
    "user": 1,
    "content_type": 8,
    "object_id": "14",
    "object_repr": "innow",
    "action_flag": 1,
    "change_message": "[{\"added\": {}}]"
  }
},
{
  "model": "admin.logentry",
  "pk": 18,
  "fields": {
    "action_time": "2025-09-22T20:20:52.211Z",
    "user": 1,
    "content_type": 10,
    "object_id": "9",
    "object_repr": "Silver Combo (+N1000000.00)",
    "action_flag": 2,
    "change_message": "[{\"changed\": {\"fields\": [\"Category\"]}}]"
  }
},
{
  "model": "admin.logentry",
  "pk": 19,
  "fields": {
    "action_time": "2025-09-22T20:21:39.867Z",
    "user": 1,
    "content_type": 8,
    "object_id": "16",
    "object_repr": "inno",
    "action_flag": 3,
    "change_message": ""
  }
},
{
  "model": "admin.logentry",
  "pk": 20,
  "fields": {
    "action_time": "2025-09-22T20:25:16.340Z",
    "user": 1,
    "content_type": 8,
    "object_id": "15",
    "object_repr": "inno",
    "action_flag": 2,
    "change_message": "[{\"changed\": {\"fields\": [\"Src\"]}}]"
  }
},
{
  "model": "admin.logentry",
  "pk": 21,
  "fields": {
    "action_time": "2025-09-23T20:53:00.417Z",
    "user": 1,
    "content_type": 11,
    "object_id": "68",
    "object_repr": "CGWBK-20250923-0008 by damianc",
    "action_flag": 3,
    "change_message": ""
  }
},
{
  "model": "admin.logentry",
  "pk": 22,
  "fields": {
    "action_time": "2025-09-23T20:53:00.417Z",
    "user": 1,
    "content_type": 11,
    "object_id": "67",
    "object_repr": "CGWBK-20250923-0007 by Samcee",
    "action_flag": 3,
    "change_message": ""
  }
},
{
  "model": "admin.logentry",
  "pk": 23,
  "fields": {
    "action_time": "2025-09-23T20:53:00.417Z",
    "user": 1,
    "content_type": 11,
    "object_id": "66",
    "object_repr": "CGWBK-20250923-0006 by damianc",
    "action_flag": 3,
    "change_message": ""
  }
},
{
  "model": "admin.logentry",
  "pk": 24,
  "fields": {
    "action_time": "2025-09-23T20:53:00.417Z",
    "user": 1,
    "content_type": 11,
    "object_id": "65",
    "object_repr": "CGWBK-20250923-0005 by damianc",
    "action_flag": 3,
    "change_message": ""
  }
},
{
  "model": "admin.logentry",
  "pk": 25,
  "fields": {
    "action_time": "2025-09-23T20:53:00.417Z",
    "user": 1,
    "content_type": 11,
    "object_id": "64",
    "object_repr": "CGWBK-20250923-0004 by mekus",
    "action_flag": 3,
    "change_message": ""
  }
},
{
  "model": "admin.logentry",
  "pk": 26,
  "fields": {
    "action_time": "2025-09-23T20:53:00.417Z",
    "user": 1,
    "content_type": 11,
    "object_id": "62",
    "object_repr": "CGWBK-20250923-0003 by ashleyconsty",
    "action_flag": 3,
    "change_message": ""
  }
},
{
  "model": "admin.logentry",
  "pk": 27,
  "fields": {
    "action_time": "2025-09-23T20:53:00.417Z",
    "user": 1,
    "content_type": 11,
    "object_id": "59",
    "object_repr": "CGWBK-20250923-0002 by damianc",
    "action_flag": 3,
    "change_message": ""
  }
},
{
  "model": "admin.logentry",
  "pk": 28,
  "fields": {
    "action_time": "2025-09-23T20:53:00.417Z",
    "user": 1,
    "content_type": 11,
    "object_id": "57",
    "object_repr": "CGWBK-20250822-0002 by sisteruc",
    "action_flag": 3,
    "change_message": ""
  }
},
{
  "model": "admin.logentry",
  "pk": 29,
  "fields": {
    "action_time": "2025-09-23T20:53:00.417Z",
    "user": 1,
    "content_type": 11,
    "object_id": "56",
    "object_repr": "CGWBK-20250822-0001 by Ashlee",
    "action_flag": 3,
    "change_message": ""
  }
},
{
  "model": "admin.logentry",
  "pk": 30,
  "fields": {
    "action_time": "2025-09-23T20:53:00.417Z",
    "user": 1,
    "content_type": 11,
    "object_id": "55",
    "object_repr": "CGWBK-20250703-0002 by ashleyconsty",
    "action_flag": 3,
    "change_message": ""
  }
},
{
  "model": "admin.logentry",
  "pk": 31,
  "fields": {
    "action_time": "2025-09-23T20:53:00.417Z",
    "user": 1,
    "content_type": 11,
    "object_id": "53",
    "object_repr": "CGWBK-20250703-0001 by tobit",
    "action_flag": 3,
    "change_message": ""
  }
},
{
  "model": "admin.logentry",
  "pk": 32,
  "fields": {
    "action_time": "2025-09-23T20:53:00.417Z",
    "user": 1,
    "content_type": 11,
    "object_id": "38",
    "object_repr": "CGWBK-20250629-0001 by mekus",
    "action_flag": 3,
    "change_message": ""
  }
},
{
  "model": "admin.logentry",
  "pk": 33,
  "fields": {
    "action_time": "2025-09-23T22:18:33.005Z",
    "user": 1,
    "content_type": 12,
    "object_id": "127",
    "object_repr": " (x1) @ 12000",
    "action_flag": 1,
    "change_message": "[{\"added\": {}}]"
  }
},
{
  "model": "admin.logentry",
  "pk": 34,
  "fields": {
    "action_time": "2025-09-24T00:45:38.987Z",
    "user": 1,
    "content_type": 4,
    "object_id": "3",
    "object_repr": "Testimonial from Ade & Uche (4 - Very Good)",
    "action_flag": 2,
    "change_message": "[{\"changed\": {\"fields\": [\"Content\"]}}]"
  }
},
{
  "model": "admin.logentry",
  "pk": 35,
  "fields": {
    "action_time": "2025-09-24T00:48:36.219Z",
    "user": 1,
    "content_type": 12,
    "object_id": "129",
    "object_repr": "Discount applied (x1.00) @ 13000.00",
    "action_flag": 2,
    "change_message": "[{\"changed\": {\"fields\": [\"Deliverables\"]}}]"
  }
},
{
  "model": "auth.permission",
  "pk": 1,
  "fields": {
    "name": "Can add permission",
    "content_type": 1,
    "codename": "add_permission"
  }
},
{
  "model": "auth.permission",
  "pk": 2,
  "fields": {
    "name": "Can change permission",
    "content_type": 1,
    "codename": "change_permission"
  }
},
{
  "model": "auth.permission",
  "pk": 3,
  "fields": {
    "name": "Can delete permission",
    "content_type": 1,
    "codename": "delete_permission"
  }
},
{
  "model": "auth.permission",
  "pk": 4,
  "fields": {
    "name": "Can view permission",
    "content_type": 1,
    "codename": "view_permission"
  }
},
{
  "model": "auth.permission",
  "pk": 5,
  "fields": {
    "name": "Can add group",
    "content_type": 2,
    "codename": "add_group"
  }
},
{
  "model": "auth.permission",
  "pk": 6,
  "fields": {
    "name": "Can change group",
    "content_type": 2,
    "codename": "change_group"
  }
},
{
  "model": "auth.permission",
  "pk": 7,
  "fields": {
    "name": "Can delete group",
    "content_type": 2,
    "codename": "delete_group"
  }
},
{
  "model": "auth.permission",
  "pk": 8,
  "fields": {
    "name": "Can view group",
    "content_type": 2,
    "codename": "view_group"
  }
},
{
  "model": "auth.permission",
  "pk": 9,
  "fields": {
    "name": "Can add content type",
    "content_type": 3,
    "codename": "add_contenttype"
  }
},
{
  "model": "auth.permission",
  "pk": 10,
  "fields": {
    "name": "Can change content type",
    "content_type": 3,
    "codename": "change_contenttype"
  }
},
{
  "model": "auth.permission",
  "pk": 11,
  "fields": {
    "name": "Can delete content type",
    "content_type": 3,
    "codename": "delete_contenttype"
  }
},
{
  "model": "auth.permission",
  "pk": 12,
  "fields": {
    "name": "Can view content type",
    "content_type": 3,
    "codename": "view_contenttype"
  }
},
{
  "model": "auth.permission",
  "pk": 13,
  "fields": {
    "name": "Can add Testimonial",
    "content_type": 4,
    "codename": "add_testimonial"
  }
},
{
  "model": "auth.permission",
  "pk": 14,
  "fields": {
    "name": "Can change Testimonial",
    "content_type": 4,
    "codename": "change_testimonial"
  }
},
{
  "model": "auth.permission",
  "pk": 15,
  "fields": {
    "name": "Can delete Testimonial",
    "content_type": 4,
    "codename": "delete_testimonial"
  }
},
{
  "model": "auth.permission",
  "pk": 16,
  "fields": {
    "name": "Can view Testimonial",
    "content_type": 4,
    "codename": "view_testimonial"
  }
},
{
  "model": "auth.permission",
  "pk": 17,
  "fields": {
    "name": "Can add user",
    "content_type": 5,
    "codename": "add_client"
  }
},
{
  "model": "auth.permission",
  "pk": 18,
  "fields": {
    "name": "Can change user",
    "content_type": 5,
    "codename": "change_client"
  }
},
{
  "model": "auth.permission",
  "pk": 19,
  "fields": {
    "name": "Can delete user",
    "content_type": 5,
    "codename": "delete_client"
  }
},
{
  "model": "auth.permission",
  "pk": 20,
  "fields": {
    "name": "Can view user",
    "content_type": 5,
    "codename": "view_client"
  }
},
{
  "model": "auth.permission",
  "pk": 21,
  "fields": {
    "name": "Can add log entry",
    "content_type": 6,
    "codename": "add_logentry"
  }
},
{
  "model": "auth.permission",
  "pk": 22,
  "fields": {
    "name": "Can change log entry",
    "content_type": 6,
    "codename": "change_logentry"
  }
},
{
  "model": "auth.permission",
  "pk": 23,
  "fields": {
    "name": "Can delete log entry",
    "content_type": 6,
    "codename": "delete_logentry"
  }
},
{
  "model": "auth.permission",
  "pk": 24,
  "fields": {
    "name": "Can view log entry",
    "content_type": 6,
    "codename": "view_logentry"
  }
},
{
  "model": "auth.permission",
  "pk": 25,
  "fields": {
    "name": "Can add session",
    "content_type": 7,
    "codename": "add_session"
  }
},
{
  "model": "auth.permission",
  "pk": 26,
  "fields": {
    "name": "Can change session",
    "content_type": 7,
    "codename": "change_session"
  }
},
{
  "model": "auth.permission",
  "pk": 27,
  "fields": {
    "name": "Can delete session",
    "content_type": 7,
    "codename": "delete_session"
  }
},
{
  "model": "auth.permission",
  "pk": 28,
  "fields": {
    "name": "Can view session",
    "content_type": 7,
    "codename": "view_session"
  }
},
{
  "model": "auth.permission",
  "pk": 29,
  "fields": {
    "name": "Can add gallery image",
    "content_type": 8,
    "codename": "add_galleryimage"
  }
},
{
  "model": "auth.permission",
  "pk": 30,
  "fields": {
    "name": "Can change gallery image",
    "content_type": 8,
    "codename": "change_galleryimage"
  }
},
{
  "model": "auth.permission",
  "pk": 31,
  "fields": {
    "name": "Can delete gallery image",
    "content_type": 8,
    "codename": "delete_galleryimage"
  }
},
{
  "model": "auth.permission",
  "pk": 32,
  "fields": {
    "name": "Can view gallery image",
    "content_type": 8,
    "codename": "view_galleryimage"
  }
},
{
  "model": "auth.permission",
  "pk": 33,
  "fields": {
    "name": "Can add Company Information",
    "content_type": 9,
    "codename": "add_companyinfo"
  }
},
{
  "model": "auth.permission",
  "pk": 34,
  "fields": {
    "name": "Can change Company Information",
    "content_type": 9,
    "codename": "change_companyinfo"
  }
},
{
  "model": "auth.permission",
  "pk": 35,
  "fields": {
    "name": "Can delete Company Information",
    "content_type": 9,
    "codename": "delete_companyinfo"
  }
},
{
  "model": "auth.permission",
  "pk": 36,
  "fields": {
    "name": "Can view Company Information",
    "content_type": 9,
    "codename": "view_companyinfo"
  }
},
{
  "model": "auth.permission",
  "pk": 37,
  "fields": {
    "name": "Can add Wedding Package",
    "content_type": 10,
    "codename": "add_package"
  }
},
{
  "model": "auth.permission",
  "pk": 38,
  "fields": {
    "name": "Can change Wedding Package",
    "content_type": 10,
    "codename": "change_package"
  }
},
{
  "model": "auth.permission",
  "pk": 39,
  "fields": {
    "name": "Can delete Wedding Package",
    "content_type": 10,
    "codename": "delete_package"
  }
},
{
  "model": "auth.permission",
  "pk": 40,
  "fields": {
    "name": "Can view Wedding Package",
    "content_type": 10,
    "codename": "view_package"
  }
},
{
  "model": "auth.permission",
  "pk": 41,
  "fields": {
    "name": "Can add booking",
    "content_type": 11,
    "codename": "add_booking"
  }
},
{
  "model": "auth.permission",
  "pk": 42,
  "fields": {
    "name": "Can change booking",
    "content_type": 11,
    "codename": "change_booking"
  }
},
{
  "model": "auth.permission",
  "pk": 43,
  "fields": {
    "name": "Can delete booking",
    "content_type": 11,
    "codename": "delete_booking"
  }
},
{
  "model": "auth.permission",
  "pk": 44,
  "fields": {
    "name": "Can view booking",
    "content_type": 11,
    "codename": "view_booking"
  }
},
{
  "model": "auth.permission",
  "pk": 45,
  "fields": {
    "name": "Can add invoice item",
    "content_type": 12,
    "codename": "add_invoiceitem"
  }
},
{
  "model": "auth.permission",
  "pk": 46,
  "fields": {
    "name": "Can change invoice item",
    "content_type": 12,
    "codename": "change_invoiceitem"
  }
},
{
  "model": "auth.permission",
  "pk": 47,
  "fields": {
    "name": "Can delete invoice item",
    "content_type": 12,
    "codename": "delete_invoiceitem"
  }
},
{
  "model": "auth.permission",
  "pk": 48,
  "fields": {
    "name": "Can view invoice item",
    "content_type": 12,
    "codename": "view_invoiceitem"
  }
},
{
  "model": "auth.permission",
  "pk": 49,
  "fields": {
    "name": "Can add Payment Transaction",
    "content_type": 13,
    "codename": "add_payment"
  }
},
{
  "model": "auth.permission",
  "pk": 50,
  "fields": {
    "name": "Can change Payment Transaction",
    "content_type": 13,
    "codename": "change_payment"
  }
},
{
  "model": "auth.permission",
  "pk": 51,
  "fields": {
    "name": "Can delete Payment Transaction",
    "content_type": 13,
    "codename": "delete_payment"
  }
},
{
  "model": "auth.permission",
  "pk": 52,
  "fields": {
    "name": "Can view Payment Transaction",
    "content_type": 13,
    "codename": "view_payment"
  }
},
{
  "model": "auth.permission",
  "pk": 53,
  "fields": {
    "name": "Can add add on",
    "content_type": 14,
    "codename": "add_addon"
  }
},
{
  "model": "auth.permission",
  "pk": 54,
  "fields": {
    "name": "Can change add on",
    "content_type": 14,
    "codename": "change_addon"
  }
},
{
  "model": "auth.permission",
  "pk": 55,
  "fields": {
    "name": "Can delete add on",
    "content_type": 14,
    "codename": "delete_addon"
  }
},
{
  "model": "auth.permission",
  "pk": 56,
  "fields": {
    "name": "Can view add on",
    "content_type": 14,
    "codename": "view_addon"
  }
},
{
  "model": "contenttypes.contenttype",
  "pk": 1,
  "fields": {
    "app_label": "auth",
    "model": "permission"
  }
},
{
  "model": "contenttypes.contenttype",
  "pk": 2,
  "fields": {
    "app_label": "auth",
    "model": "group"
  }
},
{
  "model": "contenttypes.contenttype",
  "pk": 3,
  "fields": {
    "app_label": "contenttypes",
    "model": "contenttype"
  }
},
{
  "model": "contenttypes.contenttype",
  "pk": 4,
  "fields": {
    "app_label": "users",
    "model": "testimonial"
  }
},
{
  "model": "contenttypes.contenttype",
  "pk": 5,
  "fields": {
    "app_label": "users",
    "model": "client"
  }
},
{
  "model": "contenttypes.contenttype",
  "pk": 6,
  "fields": {
    "app_label": "admin",
    "model": "logentry"
  }
},
{
  "model": "contenttypes.contenttype",
  "pk": 7,
  "fields": {
    "app_label": "sessions",
    "model": "session"
  }
},
{
  "model": "contenttypes.contenttype",
  "pk": 8,
  "fields": {
    "app_label": "gallery",
    "model": "galleryimage"
  }
},
{
  "model": "contenttypes.contenttype",
  "pk": 9,
  "fields": {
    "app_label": "company_info",
    "model": "companyinfo"
  }
},
{
  "model": "contenttypes.contenttype",
  "pk": 10,
  "fields": {
    "app_label": "events",
    "model": "package"
  }
},
{
  "model": "contenttypes.contenttype",
  "pk": 11,
  "fields": {
    "app_label": "events",
    "model": "booking"
  }
},
{
  "model": "contenttypes.contenttype",
  "pk": 12,
  "fields": {
    "app_label": "events",
    "model": "invoiceitem"
  }
},
{
  "model": "contenttypes.contenttype",
  "pk": 13,
  "fields": {
    "app_label": "events",
    "model": "payment"
  }
},
{
  "model": "contenttypes.contenttype",
  "pk": 14,
  "fields": {
    "app_label": "events",
    "model": "addon"
  }
},
{
  "model": "sessions.session",
  "pk": "3mnk9gau2csocinhdavm8blly7elz0pg",
  "fields": {
    "session_data": ".eJxVjDsOwjAQRO_iGllr4i8lPWewdtc2DiBHipMKcXcSKQWUM-_NvEXEdalx7XmOYxIXocTptyPkZ247SA9s90ny1JZ5JLkr8qBd3qaUX9fD_Tuo2Ou21ogcnCoEyQVfdGCjnGX2YM8acnKDDlgGMLYQeTBbtISaCQx5U1B8vuCGN9c:1up7MW:ePwHHQ2320nUAbCsKS5DYtjRTazyBbVfnhZvTsfG2bE",
    "expire_date": "2025-09-04T15:38:00.285Z"
  }
},
{
  "model": "sessions.session",
  "pk": "lbzq1hqw7l04s1e1qx9i417oqueib3uz",
  "fields": {
    "session_data": ".eJxVjDsOwjAQRO_iGllr4i8lPWewdtc2DiBHipMKcXcSKQWUM-_NvEXEdalx7XmOYxIXocTptyPkZ247SA9s90ny1JZ5JLkr8qBd3qaUX9fD_Tuo2Ou21ogcnCoEyQVfdGCjnGX2YM8acnKDDlgGMLYQeTBbtISaCQx5U1B8vuCGN9c:1v0fW1:a9y4LlLRXQNsVL32TX9LrtD-7aocK8ImAcwo9gdzRuE",
    "expire_date": "2025-10-06T12:19:33.266Z"
  }
},
{
  "model": "sessions.session",
  "pk": "ock9e5j25wzsp7ulgbu49wmi9pe1xiyh",
  "fields": {
    "session_data": ".eJxVjDsOwjAQRO_iGllr4i8lPWewdtc2DiBHipMKcXcSKQWUM-_NvEXEdalx7XmOYxIXocTptyPkZ247SA9s90ny1JZ5JLkr8qBd3qaUX9fD_Tuo2Ou21ogcnCoEyQVfdGCjnGX2YM8acnKDDlgGMLYQeTBbtISaCQx5U1B8vuCGN9c:1v0fJ7:xSV2EzmLRqjg0pCGA8U3ZVC_L_Ma2At27hMHBAxQSf0",
    "expire_date": "2025-10-06T12:06:13.411Z"
  }
},
{
  "model": "sessions.session",
  "pk": "vi9iuuuar0ng9wo32crt3yrl5gc72lzd",
  "fields": {
    "session_data": ".eJxVjDsOwjAQRO_iGllr4i8lPWewdtc2DiBHipMKcXcSKQWUM-_NvEXEdalx7XmOYxIXocTptyPkZ247SA9s90ny1JZ5JLkr8qBd3qaUX9fD_Tuo2Ou21ogcnCoEyQVfdGCjnGX2YM8acnKDDlgGMLYQeTBbtISaCQx5U1B8vuCGN9c:1up562:IGm9BRdCpKDn-J7IdFhujeYyqjOijlnrio9fZ-x0F30",
    "expire_date": "2025-09-04T13:12:50.248Z"
  }
},
{
  "model": "gallery.galleryimage",
  "pk": 1,
  "fields": {
    "title": "",
    "src": "gallery/358A0111.jpg",
    "category": "wedding",
    "date_taken": "2025-06-15",
    "slug": "",
    "featured": false
  }
},
{
  "model": "gallery.galleryimage",
  "pk": 2,
  "fields": {
    "title": "",
    "src": "gallery/img-4_5MV5t9S.jpg",
    "category": "wedding",
    "date_taken": null,
    "slug": "",
    "featured": false
  }
},
{
  "model": "gallery.galleryimage",
  "pk": 3,
  "fields": {
    "title": "",
    "src": "gallery/img-8.jpg",
    "category": "wedding",
    "date_taken": "2025-06-15",
    "slug": "",
    "featured": false
  }
},
{
  "model": "gallery.galleryimage",
  "pk": 4,
  "fields": {
    "title": "",
    "src": "gallery/img-10.jpg",
    "category": "wedding",
    "date_taken": "2025-06-15",
    "slug": "",
    "featured": false
  }
},
{
  "model": "gallery.galleryimage",
  "pk": 5,
  "fields": {
    "title": "",
    "src": "gallery/img-11.jpg",
    "category": "wedding",
    "date_taken": null,
    "slug": "",
    "featured": false
  }
},
{
  "model": "gallery.galleryimage",
  "pk": 6,
  "fields": {
    "title": "",
    "src": "gallery/img-14.jpg",
    "category": "engagement",
    "date_taken": "2025-06-17",
    "slug": "",
    "featured": false
  }
},
{
  "model": "gallery.galleryimage",
  "pk": 7,
  "fields": {
    "title": "",
    "src": "gallery/img-7.jpg",
    "category": "wedding",
    "date_taken": null,
    "slug": "",
    "featured": false
  }
},
{
  "model": "gallery.galleryimage",
  "pk": 8,
  "fields": {
    "title": "",
    "src": "gallery/TUGO7395.jpg",
    "category": "wedding",
    "date_taken": null,
    "slug": "",
    "featured": false
  }
},
{
  "model": "gallery.galleryimage",
  "pk": 9,
  "fields": {
    "title": "",
    "src": "gallery/DSC06428.jpg",
    "category": "wedding",
    "date_taken": null,
    "slug": "",
    "featured": false
  }
},
{
  "model": "gallery.galleryimage",
  "pk": 10,
  "fields": {
    "title": "",
    "src": "gallery/TUGO8158.jpg",
    "category": "wedding",
    "date_taken": null,
    "slug": "",
    "featured": false
  }
},
{
  "model": "gallery.galleryimage",
  "pk": 12,
  "fields": {
    "title": "candi19",
    "src": "gallery/358A8833_1.jpg",
    "category": "wedding",
    "date_taken": null,
    "slug": "",
    "featured": false
  }
},
{
  "model": "gallery.galleryimage",
  "pk": 14,
  "fields": {
    "title": "innow",
    "src": "gallery/DSC05246_Large.JPG",
    "category": "wedding",
    "date_taken": "2025-09-22",
    "slug": "",
    "featured": false
  }
},
{
  "model": "gallery.galleryimage",
  "pk": 15,
  "fields": {
    "title": "inno",
    "src": "gallery/DSC05221_Large.JPG",
    "category": "wedding",
    "date_taken": null,
    "slug": "",
    "featured": false
  }
},
{
  "model": "company_info.companyinfo",
  "pk": 1,
  "fields": {
    "name": "CineGRADE VISUALS",
    "logo": "company_logos/cinegrade_weddings_website_WEB.png",
    "email": "cinegradeweddings@gmail.com",
    "phone": "07037663132",
    "address": "23 Forest Crescent GRA Enugu",
    "website": "http://www.cinegradeweddings.com",
    "brand_message": "",
    "who_we_are": "",
    "facebook": null,
    "instagram": null,
    "twitter": null,
    "linkedin": null,
    "bank": null,
    "account_number": null,
    "created_at": "2025-05-23T11:58:08.522Z",
    "updated_at": "2025-05-23T11:58:08.522Z"
  }
},
{
  "model": "users.client",
  "pk": 1,
  "fields": {
    "password": "pbkdf2_sha256$870000$u5eMYkO23Dn1xLUproNWfR$jG451tUdHZpK0KW6/fU1nizyMMF0irOFbUrXTW6aimw=",
    "last_login": "2025-09-22T12:19:33.107Z",
    "is_superuser": true,
    "username": "Sam",
    "first_name": "Duruewuru",
    "last_name": "Chukwuemeka",
    "is_staff": true,
    "is_active": true,
    "date_joined": "2025-05-23T10:43:05Z",
    "event_role": "",
    "address": "Electronic Engineering Department University of Nigeria. Nsukka",
    "instagram_handle": "",
    "phone": "+2347037663132",
    "trad_anniversary": null,
    "wedding_anniversary": null,
    "spouse_name": "",
    "spouse_phone": "",
    "spouse_email": "",
    "spouse_instagram": "",
    "email": "",
    "groups": [],
    "user_permissions": []
  }
},
{
  "model": "users.client",
  "pk": 2,
  "fields": {
    "password": "pbkdf2_sha256$870000$HvuiF5vv8vp1pBopdt4eQq$ZRAWGp+g6xjeQyS3PJrX1YdN/vCGjJModSc5bV5+ji8=",
    "last_login": null,
    "is_superuser": false,
    "username": "Christian92",
    "first_name": "Christian",
    "last_name": "Chukwu",
    "is_staff": false,
    "is_active": true,
    "date_joined": "2025-05-27T10:49:42.227Z",
    "event_role": "",
    "address": "Canada",
    "instagram_handle": "",
    "phone": "+2347037663132",
    "trad_anniversary": null,
    "wedding_anniversary": null,
    "spouse_name": "",
    "spouse_phone": "",
    "spouse_email": "",
    "spouse_instagram": "",
    "email": "duruewurusamuel@gmail.com",
    "groups": [],
    "user_permissions": []
  }
},
{
  "model": "users.client",
  "pk": 3,
  "fields": {
    "password": "pbkdf2_sha256$870000$IEOFaEnbsrjlCcdBuiu5Le$s61v5kBk/BERyfsQ0tPH13sA/yd8ctW4X1MiaXx2MEE=",
    "last_login": null,
    "is_superuser": false,
    "username": "vera2",
    "first_name": "Olivera",
    "last_name": "okeke",
    "is_staff": false,
    "is_active": true,
    "date_joined": "2025-05-27T12:25:44.215Z",
    "event_role": "",
    "address": "23 Forest Crescent GRA Enugu",
    "instagram_handle": "",
    "phone": "",
    "trad_anniversary": null,
    "wedding_anniversary": null,
    "spouse_name": "",
    "spouse_phone": "",
    "spouse_email": "",
    "spouse_instagram": "",
    "email": "duruugo67@gmail.com",
    "groups": [],
    "user_permissions": []
  }
},
{
  "model": "users.client",
  "pk": 4,
  "fields": {
    "password": "pbkdf2_sha256$870000$FQ6en5ZxtL76qSGJ15FEXv$759IPPAmnvpLIa0tRijtc1D8a+hWZy6CuxOFnbIoTFQ=",
    "last_login": null,
    "is_superuser": false,
    "username": "tobit",
    "first_name": "",
    "last_name": "",
    "is_staff": false,
    "is_active": true,
    "date_joined": "2025-05-27T12:38:50.056Z",
    "event_role": "",
    "address": "23 Forest Crescent GRA Enugu",
    "instagram_handle": "",
    "phone": "+2348145398004",
    "trad_anniversary": null,
    "wedding_anniversary": null,
    "spouse_name": "",
    "spouse_phone": "",
    "spouse_email": "",
    "spouse_instagram": "",
    "email": "duruugo67@gmail.com",
    "groups": [],
    "user_permissions": []
  }
},
{
  "model": "users.client",
  "pk": 5,
  "fields": {
    "password": "pbkdf2_sha256$870000$3gmmox5KsyVIHHZ9fkF56O$L6y+ihxfCYbEw/YdhWwPTNB8WqvnM3qzOmB9+LiUNIY=",
    "last_login": null,
    "is_superuser": false,
    "username": "mekus",
    "first_name": "Christian",
    "last_name": "Chukwu",
    "is_staff": false,
    "is_active": true,
    "date_joined": "2025-05-27T13:06:44.101Z",
    "event_role": "",
    "address": "23 Forest Crescent GRA Enugu",
    "instagram_handle": "",
    "phone": "+2348145398004",
    "trad_anniversary": null,
    "wedding_anniversary": null,
    "spouse_name": "",
    "spouse_phone": "",
    "spouse_email": "",
    "spouse_instagram": "",
    "email": "duruugo67@gmail.com",
    "groups": [],
    "user_permissions": []
  }
},
{
  "model": "users.client",
  "pk": 6,
  "fields": {
    "password": "thelord1",
    "last_login": null,
    "is_superuser": false,
    "username": "ashleyconsty",
    "first_name": "Ashley",
    "last_name": "Lemonwu",
    "is_staff": false,
    "is_active": false,
    "date_joined": "2025-06-20T21:53:00Z",
    "event_role": "Relation",
    "address": "",
    "instagram_handle": "",
    "phone": "+2347037663132",
    "trad_anniversary": null,
    "wedding_anniversary": null,
    "spouse_name": "",
    "spouse_phone": "",
    "spouse_email": "",
    "spouse_instagram": "",
    "email": "Ashley@gmail.com",
    "groups": [],
    "user_permissions": []
  }
},
{
  "model": "users.client",
  "pk": 8,
  "fields": {
    "password": "thelord1i@",
    "last_login": null,
    "is_superuser": false,
    "username": "DaTreasure",
    "first_name": "Ada Treasure",
    "last_name": "Ogbodo",
    "is_staff": false,
    "is_active": true,
    "date_joined": "2025-07-02T23:06:41Z",
    "event_role": "",
    "address": "",
    "instagram_handle": "",
    "phone": "+2348066396683",
    "trad_anniversary": "2025-07-02",
    "wedding_anniversary": "2025-07-02",
    "spouse_name": "",
    "spouse_phone": "",
    "spouse_email": "",
    "spouse_instagram": "",
    "email": "",
    "groups": [],
    "user_permissions": []
  }
},
{
  "model": "users.client",
  "pk": 10,
  "fields": {
    "password": "thelord",
    "last_login": null,
    "is_superuser": false,
    "username": "Samcee",
    "first_name": "Duruewuru",
    "last_name": "Chukwuemeka",
    "is_staff": false,
    "is_active": true,
    "date_joined": "2025-07-03T00:32:43Z",
    "event_role": "",
    "address": "Electronic Engineering Department University of Nigeria. Nsukka",
    "instagram_handle": "",
    "phone": "+2347037663133",
    "trad_anniversary": null,
    "wedding_anniversary": null,
    "spouse_name": "",
    "spouse_phone": "",
    "spouse_email": "",
    "spouse_instagram": "",
    "email": "",
    "groups": [],
    "user_permissions": []
  }
},
{
  "model": "users.client",
  "pk": 11,
  "fields": {
    "password": "pbkdf2_sha256$870000$LQhOhRjXM4Fd2FXgPi0YzJ$fGzay3NZo3IVKsxQeOHd9/CM6rN72/yTTam99ebWUEA=",
    "last_login": null,
    "is_superuser": false,
    "username": "damianc",
    "first_name": "Duruewuru",
    "last_name": "Damian",
    "is_staff": false,
    "is_active": true,
    "date_joined": "2025-08-21T15:43:55.664Z",
    "event_role": "",
    "address": "23 Forest Crescent GRA Enugu",
    "instagram_handle": "",
    "phone": "+2348037754704",
    "trad_anniversary": null,
    "wedding_anniversary": null,
    "spouse_name": "",
    "spouse_phone": "",
    "spouse_email": "",
    "spouse_instagram": "",
    "email": "duruugo67@gmail.com",
    "groups": [],
    "user_permissions": []
  }
},
{
  "model": "users.client",
  "pk": 12,
  "fields": {
    "password": "pbkdf2_sha256$870000$nzxfpnAJ4ItLkCuxCixkfS$oTwCSmADafkTkTDIwTKHbI8YYYn5nE4AETjRcQ/HD/g=",
    "last_login": null,
    "is_superuser": false,
    "username": "Ashlee",
    "first_name": "John",
    "last_name": "Doe",
    "is_staff": false,
    "is_active": true,
    "date_joined": "2025-08-22T07:10:15.778Z",
    "event_role": "",
    "address": "Behind flat",
    "instagram_handle": "",
    "phone": "+2348145398004",
    "trad_anniversary": null,
    "wedding_anniversary": null,
    "spouse_name": "",
    "spouse_phone": "",
    "spouse_email": "",
    "spouse_instagram": "",
    "email": "jondoe@gmail.com",
    "groups": [],
    "user_permissions": []
  }
},
{
  "model": "users.client",
  "pk": 13,
  "fields": {
    "password": "pbkdf2_sha256$870000$uC21SJrigcgF1X5YYBLTAa$2BmGWivN7tmHe4Sa+nazJyNOhfscR4/JHsO1R95AEd4=",
    "last_login": null,
    "is_superuser": false,
    "username": "sisteruc",
    "first_name": "Uchechukwu",
    "last_name": "Njoku",
    "is_staff": false,
    "is_active": true,
    "date_joined": "2025-08-22T20:53:40.343Z",
    "event_role": "",
    "address": "Barcelona",
    "instagram_handle": "",
    "phone": "+2347034712501",
    "trad_anniversary": null,
    "wedding_anniversary": null,
    "spouse_name": "",
    "spouse_phone": "",
    "spouse_email": "",
    "spouse_instagram": "",
    "email": "unjoku@aust.edu.ng",
    "groups": [],
    "user_permissions": []
  }
},
{
  "model": "users.testimonial",
  "pk": 1,
  "fields": {
    "name": "Chinwe & Emeka",
    "location": "Lagos, Nigeria",
    "role_or_company": null,
    "content": "Cinegrade Weddings captured every moment perfectly. We relive our day every time we watch our video. Absolutely magical!",
    "rating": 5,
    "image": "",
    "is_featured": true,
    "created_at": "2025-06-18T12:41:53.557Z",
    "updated_at": "2025-06-18T13:09:01.738Z"
  }
},
{
  "model": "users.testimonial",
  "pk": 2,
  "fields": {
    "name": "Amara & Tobi",
    "location": "Enugu, Nigeria",
    "role_or_company": null,
    "content": "From start to finish, the team was professional and attentive. The editing and storytelling were beyond our expectations.",
    "rating": 5,
    "image": "",
    "is_featured": true,
    "created_at": "2025-06-18T12:43:58.761Z",
    "updated_at": "2025-06-18T13:09:13.556Z"
  }
},
{
  "model": "users.testimonial",
  "pk": 3,
  "fields": {
    "name": "Ade & Uche",
    "location": "London, UK",
    "role_or_company": null,
    "content": "We flew in for our traditional wedding and Cinegrade gave us something we will treasure forever. Thank you for making it timeless!",
    "rating": 4,
    "image": "",
    "is_featured": true,
    "created_at": "2025-06-18T12:44:51.339Z",
    "updated_at": "2025-09-24T00:45:38.788Z"
  }
},
{
  "model": "users.testimonial",
  "pk": 4,
  "fields": {
    "name": "Ada & Kene",
    "location": "Ontario Canada",
    "role_or_company": null,
    "content": "CineGRADE Weddings is the best",
    "rating": 5,
    "image": "",
    "is_featured": false,
    "created_at": "2025-06-18T14:12:07.159Z",
    "updated_at": "2025-06-18T14:12:07.160Z"
  }
},
{
  "model": "events.package",
  "pk": 1,
  "fields": {
    "package_name": "Deluxe Art video",
    "event_type": "wedding",
    "category": "video",
    "price": "700000.00",
    "description": "Full Day Wedding Videography Package",
    "deliverables": "Complete day coverage*,\r\nTwo Videographers,\r\nOne Drone Pilot,\r\nFull Sound Assistant,\r\nFull length Video of The Wedding Event,\r\n2-3 Mins Wedding Trailer,\r\n10 mins Highlight Video,\r\nOnline Video Upload,\r\nUSB thumb Drive",
    "duration": "Full day",
    "is_popular": true,
    "image": "package_images/DSC06518.jpg",
    "created_at": "2025-05-23T11:18:55.039Z"
  }
},
{
  "model": "events.package",
  "pk": 2,
  "fields": {
    "package_name": "Basic Art Video",
    "event_type": "wedding",
    "category": "video",
    "price": "350000.00",
    "description": "Full Day Event Videography package",
    "deliverables": "Complete day coverage,\r\nOne videographer,\r\nOne Minute Wedding Highlight,\r\nFull Length Event Video,\r\nUSB Thumb Drive",
    "duration": "Full day",
    "is_popular": false,
    "image": "package_images/DSC06276.jpg",
    "created_at": "2025-05-23T11:22:41.201Z"
  }
},
{
  "model": "events.package",
  "pk": 3,
  "fields": {
    "package_name": "Photo Basic",
    "event_type": "wedding",
    "category": "photo",
    "price": "350000.00",
    "description": "Full Day Event Photography",
    "deliverables": "One photographer,\r\n150 Individually Edited Images,\r\nUSB thumb Drive of entire Wedding Images,\r\nOnline Viewing Gallery",
    "duration": "Full day",
    "is_popular": false,
    "image": "package_images/DSC06515.jpg",
    "created_at": "2025-05-23T11:25:49.700Z"
  }
},
{
  "model": "events.package",
  "pk": 4,
  "fields": {
    "package_name": "Diamond Combo",
    "event_type": "wedding",
    "category": "combo",
    "price": "1500000.00",
    "description": "Full Day Event Photography and Videography",
    "deliverables": "Two photographers,\r\nTwo Videographers,\r\nDrone Coverage,\r\n3-5mins Event highlight Video,\r\nFull length Video on USB Drive or DVD,\r\nSoftcopies of Entire wedding Images,\r\nTwo 12x36 Inch Synthetic Photobook ,\r\nMini Photobook and Calendar,\r\nThree 16x20 Inch Enlargement Frame\r\nComplementary Prewedding Photoshoot",
    "duration": "Full day",
    "is_popular": true,
    "image": "package_images/img-5_0lFVb4r.jpg",
    "created_at": "2025-05-23T11:31:06.148Z"
  }
},
{
  "model": "events.package",
  "pk": 5,
  "fields": {
    "package_name": "Gold Combo",
    "event_type": "wedding",
    "category": "combo",
    "price": "1250000.00",
    "description": "Full day Wedding photography and Videography",
    "deliverables": "Two photographer,\r\nTwo Videographer,\r\n3-5mins Event Highlight video,\r\nFull Length Video on USB Drive,\r\nSoftcopies of Entire Wedding Images,\r\nOne 12X24Inch Synthetic Photobook,\r\nThree16x20Inch Enlargement Frame",
    "duration": "Full day",
    "is_popular": false,
    "image": "package_images/358A2585.jpg",
    "created_at": "2025-05-23T11:35:02.927Z"
  }
},
{
  "model": "events.package",
  "pk": 6,
  "fields": {
    "package_name": "Photo Regular",
    "event_type": "wedding",
    "category": "photo",
    "price": "450000.00",
    "description": "Full Day wedding Photography",
    "deliverables": "One photographer,\r\n200 Individually Edited Images,\r\nUSB thumb Drive of entire Wedding Images,\r\nOnline Viewing Gallery,\r\n12X24Inch Synthethic Photobook,\r\n16x20Inch Wall Frame",
    "duration": "Full day",
    "is_popular": false,
    "image": "package_images/DSC04628.jpg",
    "created_at": "2025-08-22T19:00:31.991Z"
  }
},
{
  "model": "events.package",
  "pk": 7,
  "fields": {
    "package_name": "Photo Premium",
    "event_type": "wedding",
    "category": "photo",
    "price": "600000.00",
    "description": "Full day Wedding Photography",
    "deliverables": "Two photographers,\r\n300 Individually Edited Images,\r\nUSB thumb Drive of entire Wedding Images,\r\nOnline Viewing Gallery,\r\n12x36 Inch Synthetic Photobook ,\r\nMini Photobook and Calendar,\r\nThree 16x20 Inch Wall Frame",
    "duration": "Full day",
    "is_popular": true,
    "image": "package_images/DSC02087.jpg",
    "created_at": "2025-08-22T19:13:45.009Z"
  }
},
{
  "model": "events.package",
  "pk": 8,
  "fields": {
    "package_name": "Standard Art Video",
    "event_type": "wedding",
    "category": "video",
    "price": "500000.00",
    "description": "Full day wedding videography package",
    "deliverables": "Complete day coverage,\r\nTwo Videographer,\r\nFull length Video of The Event in FHD,\r\n2-3 minutes Wedding Trailer,\r\ncustomized wooden USB Thumb Drive,\r\nOnline Video Upload",
    "duration": "Full day",
    "is_popular": false,
    "image": "package_images/TUGO7933.jpg",
    "created_at": "2025-08-25T09:04:49.910Z"
  }
},
{
  "model": "events.package",
  "pk": 9,
  "fields": {
    "package_name": "Silver Combo",
    "event_type": "wedding",
    "category": "combo",
    "price": "1000000.00",
    "description": "Full Day Wedding Photography and Videography",
    "deliverables": "One photographer,\r\nOne Videographer,\r\n8x10inch Synthetic Photobook,\r\nFull Length Video on USB Drive,\r\nSoft Copies of entire Wedding Images,\r\nOne 16x20inch Enlargement Frame",
    "duration": "Full day",
    "is_popular": false,
    "image": "package_images/DSC05246_Large.JPG",
    "created_at": "2025-09-22T17:25:25.819Z"
  }
},
{
  "model": "events.addon",
  "pk": 1,
  "fields": {
    "name": "Extra Photographer",
    "description": "1x photographer",
    "price": "1500000.00",
    "is_active": true
  }
},
{
  "model": "events.addon",
  "pk": 2,
  "fields": {
    "name": "Drone Coverage",
    "description": "4k UHD Drone coverage",
    "price": "100000.00",
    "is_active": true
  }
},
{
  "model": "events.addon",
  "pk": 3,
  "fields": {
    "name": "Extra Videographer",
    "description": "1x Videographer",
    "price": "100000.00",
    "is_active": true
  }
},
{
  "model": "events.addon",
  "pk": 6,
  "fields": {
    "name": "logistics",
    "description": "transport",
    "price": "1500000.00",
    "is_active": true
  }
},
{
  "model": "events.addon",
  "pk": 7,
  "fields": {
    "name": "Accomodation",
    "description": "Hotel accomodation",
    "price": "300000.00",
    "is_active": true
  }
},
{
  "model": "events.booking",
  "pk": 6,
  "fields": {
    "client": 1,
    "event_type": "Prewedding Shoot",
    "event_description": "ddd",
    "wedding_date": "2025-05-07",
    "location": "Lagos",
    "additional_notes": "",
    "date_booked": "2025-05-28T01:11:24.896Z",
    "booking_code": "CGWBK-20250528-0002",
    "invoice_number": "CGINV-20250528-0002",
    "issue_date": "2025-05-03",
    "due_date": "2025-05-09",
    "amount_due": "450000.00",
    "payment_status": "pending",
    "tax_rate": "0.00",
    "delivery_status": "In progress",
    "Image_link": null,
    "Video_link": null,
    "created_at": "2025-05-28T01:11:24.896Z",
    "updated_at": "2025-09-22T12:05:14.619Z",
    "packages": [],
    "Addons": []
  }
},
{
  "model": "events.booking",
  "pk": 7,
  "fields": {
    "client": 2,
    "event_type": "White Wedding",
    "event_description": null,
    "wedding_date": "2025-09-13",
    "location": "Enugu",
    "additional_notes": "My guys Wedding. check it out. sureeeee",
    "date_booked": "2025-06-13T09:33:08.992Z",
    "booking_code": "CGWBK-20250613-0001",
    "invoice_number": "CGINV-20250613-0001",
    "issue_date": "2025-06-13",
    "due_date": "2025-06-13",
    "amount_due": "2100000.00",
    "payment_status": "pending",
    "tax_rate": "0.00",
    "delivery_status": "In progress",
    "Image_link": null,
    "Video_link": "http://www.google.com",
    "created_at": "2025-06-13T09:33:08.992Z",
    "updated_at": "2025-09-22T12:05:13.205Z",
    "packages": [
      4
    ],
    "Addons": [
      1,
      6
    ]
  }
},
{
  "model": "events.booking",
  "pk": 69,
  "fields": {
    "client": 13,
    "event_type": "Traditional Marriage",
    "event_description": "",
    "wedding_date": "2025-09-25",
    "location": "Nsukka",
    "additional_notes": "",
    "date_booked": "2025-09-23T20:55:28.093Z",
    "booking_code": "CGWBK-20250923-0001",
    "invoice_number": "CGINV-20250923-0001",
    "issue_date": null,
    "due_date": null,
    "amount_due": "0.00",
    "payment_status": "pending",
    "tax_rate": "0.00",
    "delivery_status": "In progress",
    "Image_link": null,
    "Video_link": null,
    "created_at": "2025-09-23T20:55:28.093Z",
    "updated_at": "2025-09-23T20:55:28.093Z",
    "packages": [],
    "Addons": []
  }
},
{
  "model": "events.booking",
  "pk": 75,
  "fields": {
    "client": 11,
    "event_type": "Traditional Marriage",
    "event_description": "Burial Event",
    "wedding_date": "2025-09-26",
    "location": "Enugu, Nigeria",
    "additional_notes": "",
    "date_booked": "2025-09-23T22:23:29.125Z",
    "booking_code": "CGWBK-20250923-0002",
    "invoice_number": "CGINV-20250923-0002",
    "issue_date": null,
    "due_date": null,
    "amount_due": "0.00",
    "payment_status": "pending",
    "tax_rate": "0.00",
    "delivery_status": "In progress",
    "Image_link": null,
    "Video_link": null,
    "created_at": "2025-09-23T22:23:29.125Z",
    "updated_at": "2025-09-23T22:23:29.125Z",
    "packages": [],
    "Addons": []
  }
},
{
  "model": "events.invoiceitem",
  "pk": 26,
  "fields": {
    "invoice": 6,
    "item_type": "package",
    "description": "xxxxx",
    "deliverables": "",
    "quantity": "1.00",
    "price": "400000.00",
    "is_taxable": false,
    "is_discount": false,
    "tax_rate": "0.00",
    "package": null,
    "addon": null
  }
},
{
  "model": "events.invoiceitem",
  "pk": 27,
  "fields": {
    "invoice": 6,
    "item_type": "package",
    "description": "Deluxe Art video",
    "deliverables": "",
    "quantity": "1.00",
    "price": "700000.00",
    "is_taxable": true,
    "is_discount": false,
    "tax_rate": "0.00",
    "package": 1,
    "addon": null
  }
},
{
  "model": "events.invoiceitem",
  "pk": 28,
  "fields": {
    "invoice": 6,
    "item_type": "discount",
    "description": "",
    "deliverables": "",
    "quantity": "1.00",
    "price": "100000.00",
    "is_taxable": false,
    "is_discount": true,
    "tax_rate": "0.00",
    "package": null,
    "addon": null
  }
},
{
  "model": "events.invoiceitem",
  "pk": 71,
  "fields": {
    "invoice": 7,
    "item_type": "package",
    "description": "Diamond Combo",
    "deliverables": "",
    "quantity": "1.00",
    "price": "1500000.00",
    "is_taxable": false,
    "is_discount": false,
    "tax_rate": "0.00",
    "package": 4,
    "addon": null
  }
},
{
  "model": "events.invoiceitem",
  "pk": 72,
  "fields": {
    "invoice": 7,
    "item_type": "addon",
    "description": "Drone Coverage",
    "deliverables": "",
    "quantity": "1.00",
    "price": "100000.00",
    "is_taxable": true,
    "is_discount": false,
    "tax_rate": "0.00",
    "package": null,
    "addon": 2
  }
},
{
  "model": "events.invoiceitem",
  "pk": 73,
  "fields": {
    "invoice": 7,
    "item_type": "addon",
    "description": "logistics",
    "deliverables": "",
    "quantity": "1.00",
    "price": "1500000.00",
    "is_taxable": true,
    "is_discount": false,
    "tax_rate": "0.00",
    "package": null,
    "addon": 6
  }
},
{
  "model": "events.invoiceitem",
  "pk": 121,
  "fields": {
    "invoice": 69,
    "item_type": "other",
    "description": "Wedding",
    "deliverables": "",
    "quantity": "1.00",
    "price": "400000.00",
    "is_taxable": true,
    "is_discount": false,
    "tax_rate": "0.00",
    "package": null,
    "addon": null
  }
},
{
  "model": "events.invoiceitem",
  "pk": 128,
  "fields": {
    "invoice": 75,
    "item_type": "other",
    "description": "wedding",
    "deliverables": "1 photo",
    "quantity": "1.00",
    "price": "1500000.00",
    "is_taxable": true,
    "is_discount": false,
    "tax_rate": "0.00",
    "package": null,
    "addon": null
  }
},
{
  "model": "events.invoiceitem",
  "pk": 129,
  "fields": {
    "invoice": 75,
    "item_type": "discount",
    "description": "Discount applied",
    "deliverables": "N13,000 discount",
    "quantity": "1.00",
    "price": "13000.00",
    "is_taxable": false,
    "is_discount": false,
    "tax_rate": "0.00",
    "package": null,
    "addon": null
  }
},
{
  "model": "events.payment",
  "pk": 2,
  "fields": {
    "invoice": 7,
    "amount_paid": "1000000.00",
    "payment_date": "2025-06-13T10:07:39Z",
    "payment_method": "Bank Transfer",
    "transaction_id": "",
    "notes": "",
    "created_at": "2025-06-13T10:07:52.557Z",
    "updated_at": "2025-06-29T19:54:58.093Z",
    "receipt_number": "CGRCP-20250613-0001",
    "receipt_issued_at": null,
    "status": "Completed"
  }
},
{
  "model": "events.payment",
  "pk": 3,
  "fields": {
    "invoice": 6,
    "amount_paid": "550000.00",
    "payment_date": "2025-06-27T09:19:32Z",
    "payment_method": "Bank Transfer",
    "transaction_id": "",
    "notes": "",
    "created_at": "2025-06-27T09:19:48.576Z",
    "updated_at": "2025-06-27T09:20:38.875Z",
    "receipt_number": "CGRCP-20250627-0001",
    "receipt_issued_at": null,
    "status": "Completed"
  }
}
]
