[
{
  "model": "admin.logentry",
  "pk": 1,
  "fields": {
    "action_time": "2025-09-22T17:25:26.307Z",
    "user": 1,
    "content_type": 10,
    "object_id": "9",
    "object_repr": "Silver Combo (+N100000)",
    "action_flag": 1,
    "change_message": "[{\"added\": {}}]"
  }
},
{
  "model": "admin.logentry",
  "pk": 2,
  "fields": {
    "action_time": "2025-09-22T17:51:07.950Z",
    "user": 1,
    "content_type": 10,
    "object_id": "9",
    "object_repr": "Silver Combo (+N1000000)",
    "action_flag": 2,
    "change_message": "[{\"changed\": {\"fields\": [\"Price\", \"Image\"]}}]"
  }
},
{
  "model": "admin.logentry",
  "pk": 3,
  "fields": {
    "action_time": "2025-09-22T18:02:22.747Z",
    "user": 1,
    "content_type": 8,
    "object_id": "11",
    "object_repr": "xxx",
    "action_flag": 1,
    "change_message": "[{\"added\": {}}]"
  }
},
{
  "model": "admin.logentry",
  "pk": 4,
  "fields": {
    "action_time": "2025-09-22T18:12:53.153Z",
    "user": 1,
    "content_type": 8,
    "object_id": "11",
    "object_repr": "xxx",
    "action_flag": 2,
    "change_message": "[{\"changed\": {\"fields\": [\"Date taken\"]}}]"
  }
},
{
  "model": "admin.logentry",
  "pk": 5,
  "fields": {
    "action_time": "2025-09-22T18:31:02.629Z",
    "user": 1,
    "content_type": 8,
    "object_id": "11",
    "object_repr": "xxx",
    "action_flag": 3,
    "change_message": ""
  }
},
{
  "model": "admin.logentry",
  "pk": 6,
  "fields": {
    "action_time": "2025-09-22T18:31:24.981Z",
    "user": 1,
    "content_type": 8,
    "object_id": "13",
    "object_repr": "ozjan",
    "action_flag": 3,
    "change_message": ""
  }
},
{
  "model": "admin.logentry",
  "pk": 7,
  "fields": {
    "action_time": "2025-09-22T18:33:28.720Z",
    "user": 1,
    "content_type": 10,
    "object_id": "7",
    "object_repr": "Photo Premium (+N600000.00)",
    "action_flag": 2,
    "change_message": "[{\"changed\": {\"fields\": [\"Deliverables\"]}}]"
  }
},
{
  "model": "admin.logentry",
  "pk": 8,
  "fields": {
    "action_time": "2025-09-22T18:35:51.849Z",
    "user": 1,
    "content_type": 10,
    "object_id": "9",
    "object_repr": "Silver Combo (+N1000000.00)",
    "action_flag": 2,
    "change_message": "[{\"changed\": {\"fields\": [\"Deliverables\", \"Image\"]}}]"
  }
},
{
  "model": "admin.logentry",
  "pk": 9,
  "fields": {
    "action_time": "2025-09-22T18:39:56.406Z",
    "user": 1,
    "content_type": 10,
    "object_id": "9",
    "object_repr": "Silver Combo (+N1000000.00)",
    "action_flag": 2,
    "change_message": "[{\"changed\": {\"fields\": [\"Image\"]}}]"
  }
},
{
  "model": "admin.logentry",
  "pk": 10,
  "fields": {
    "action_time": "2025-09-22T18:43:54.245Z",
    "user": 1,
    "content_type": 10,
    "object_id": "9",
    "object_repr": "Silver Combo (+N1000000.00)",
    "action_flag": 2,
    "change_message": "[{\"changed\": {\"fields\": [\"Image\"]}}]"
  }
},
{
  "model": "admin.logentry",
  "pk": 11,
  "fields": {
    "action_time": "2025-09-22T18:43:55.497Z",
    "user": 1,
    "content_type": 10,
    "object_id": "9",
    "object_repr": "Silver Combo (+N1000000.00)",
    "action_flag": 2,
    "change_message": "[{\"changed\": {\"fields\": [\"Image\"]}}]"
  }
},
{
  "model": "admin.logentry",
  "pk": 12,
  "fields": {
    "action_time": "2025-09-22T18:46:55.165Z",
    "user": 1,
    "content_type": 10,
    "object_id": "9",
    "object_repr": "Silver Combo (+N1000000.00)",
    "action_flag": 2,
    "change_message": "[{\"changed\": {\"fields\": [\"Deliverables\"]}}]"
  }
},
{
  "model": "admin.logentry",
  "pk": 13,
  "fields": {
    "action_time": "2025-09-22T18:48:01.792Z",
    "user": 1,
    "content_type": 10,
    "object_id": "4",
    "object_repr": "Diamond Combo (+N1500000.00)",
    "action_flag": 2,
    "change_message": "[{\"changed\": {\"fields\": [\"Deliverables\"]}}]"
  }
},
{
  "model": "admin.logentry",
  "pk": 14,
  "fields": {
    "action_time": "2025-09-22T19:21:26.567Z",
    "user": 1,
    "content_type": 10,
    "object_id": "9",
    "object_repr": "Silver Combo (+N1000000.00)",
    "action_flag": 2,
    "change_message": "[{\"changed\": {\"fields\": [\"Image\"]}}]"
  }
},
{
  "model": "admin.logentry",
  "pk": 15,
  "fields": {
    "action_time": "2025-09-22T19:21:34.691Z",
    "user": 1,
    "content_type": 10,
    "object_id": "9",
    "object_repr": "Silver Combo (+N1000000.00)",
    "action_flag": 2,
    "change_message": "[{\"changed\": {\"fields\": [\"Image\"]}}]"
  }
},
{
  "model": "admin.logentry",
  "pk": 16,
  "fields": {
    "action_time": "2025-09-22T19:22:24.757Z",
    "user": 1,
    "content_type": 10,
    "object_id": "9",
    "object_repr": "Silver Combo (+N1000000.00)",
    "action_flag": 2,
    "change_message": "[{\"changed\": {\"fields\": [\"Category\"]}}]"
  }
},
{
  "model": "admin.logentry",
  "pk": 17,
  "fields": {
    "action_time": "2025-09-22T19:24:08.369Z",
    "user": 1,
    "content_type": 8,
    "object_id": "14",
    "object_repr": "innow",
    "action_flag": 1,
    "change_message": "[{\"added\": {}}]"
  }
},
{
  "model": "admin.logentry",
  "pk": 18,
  "fields": {
    "action_time": "2025-09-22T20:20:52.211Z",
    "user": 1,
    "content_type": 10,
    "object_id": "9",
    "object_repr": "Silver Combo (+N1000000.00)",
    "action_flag": 2,
    "change_message": "[{\"changed\": {\"fields\": [\"Category\"]}}]"
  }
},
{
  "model": "admin.logentry",
  "pk": 19,
  "fields": {
    "action_time": "2025-09-22T20:21:39.867Z",
    "user": 1,
    "content_type": 8,
    "object_id": "16",
    "object_repr": "inno",
    "action_flag": 3,
    "change_message": ""
  }
},
{
  "model": "admin.logentry",
  "pk": 20,
  "fields": {
    "action_time": "2025-09-22T20:25:16.340Z",
    "user": 1,
    "content_type": 8,
    "object_id": "15",
    "object_repr": "inno",
    "action_flag": 2,
    "change_message": "[{\"changed\": {\"fields\": [\"Src\"]}}]"
  }
},
{
  "model": "admin.logentry",
  "pk": 21,
  "fields": {
    "action_time": "2025-09-23T20:53:00.417Z",
    "user": 1,
    "content_type": 11,
    "object_id": "68",
    "object_repr": "CGWBK-20250923-0008 by damianc",
    "action_flag": 3,
    "change_message": ""
  }
},
{
  "model": "admin.logentry",
  "pk": 22,
  "fields": {
    "action_time": "2025-09-23T20:53:00.417Z",
    "user": 1,
    "content_type": 11,
    "object_id": "67",
    "object_repr": "CGWBK-20250923-0007 by Samcee",
    "action_flag": 3,
    "change_message": ""
  }
},
{
  "model": "admin.logentry",
  "pk": 23,
  "fields": {
    "action_time": "2025-09-23T20:53:00.417Z",
    "user": 1,
    "content_type": 11,
    "object_id": "66",
    "object_repr": "CGWBK-20250923-0006 by damianc",
    "action_flag": 3,
    "change_message": ""
  }
},
{
  "model": "admin.logentry",
  "pk": 24,
  "fields": {
    "action_time": "2025-09-23T20:53:00.417Z",
    "user": 1,
    "content_type": 11,
    "object_id": "65",
    "object_repr": "CGWBK-20250923-0005 by damianc",
    "action_flag": 3,
    "change_message": ""
  }
},
{
  "model": "admin.logentry",
  "pk": 25,
  "fields": {
    "action_time": "2025-09-23T20:53:00.417Z",
    "user": 1,
    "content_type": 11,
    "object_id": "64",
    "object_repr": "CGWBK-20250923-0004 by mekus",
    "action_flag": 3,
    "change_message": ""
  }
},
{
  "model": "admin.logentry",
  "pk": 26,
  "fields": {
    "action_time": "2025-09-23T20:53:00.417Z",
    "user": 1,
    "content_type": 11,
    "object_id": "62",
    "object_repr": "CGWBK-20250923-0003 by ashleyconsty",
    "action_flag": 3,
    "change_message": ""
  }
},
{
  "model": "admin.logentry",
  "pk": 27,
  "fields": {
    "action_time": "2025-09-23T20:53:00.417Z",
    "user": 1,
    "content_type": 11,
    "object_id": "59",
    "object_repr": "CGWBK-20250923-0002 by damianc",
    "action_flag": 3,
    "change_message": ""
  }
},
{
  "model": "admin.logentry",
  "pk": 28,
  "fields": {
    "action_time": "2025-09-23T20:53:00.417Z",
    "user": 1,
    "content_type": 11,
    "object_id": "57",
    "object_repr": "CGWBK-20250822-0002 by sisteruc",
    "action_flag": 3,
    "change_message": ""
  }
},
{
  "model": "admin.logentry",
  "pk": 29,
  "fields": {
    "action_time": "2025-09-23T20:53:00.417Z",
    "user": 1,
    "content_type": 11,
    "object_id": "56",
    "object_repr": "CGWBK-20250822-0001 by Ashlee",
    "action_flag": 3,
    "change_message": ""
  }
},
{
  "model": "admin.logentry",
  "pk": 30,
  "fields": {
    "action_time": "2025-09-23T20:53:00.417Z",
    "user": 1,
    "content_type": 11,
    "object_id": "55",
    "object_repr": "CGWBK-20250703-0002 by ashleyconsty",
    "action_flag": 3,
    "change_message": ""
  }
},
{
  "model": "admin.logentry",
  "pk": 31,
  "fields": {
    "action_time": "2025-09-23T20:53:00.417Z",
    "user": 1,
    "content_type": 11,
    "object_id": "53",
    "object_repr": "CGWBK-20250703-0001 by tobit",
    "action_flag": 3,
    "change_message": ""
  }
},
{
  "model": "admin.logentry",
  "pk": 32,
  "fields": {
    "action_time": "2025-09-23T20:53:00.417Z",
    "user": 1,
    "content_type": 11,
    "object_id": "38",
    "object_repr": "CGWBK-20250629-0001 by mekus",
    "action_flag": 3,
    "change_message": ""
  }
},
{
  "model": "admin.logentry",
  "pk": 33,
  "fields": {
    "action_time": "2025-09-23T22:18:33.005Z",
    "user": 1,
    "content_type": 12,
    "object_id": "127",
    "object_repr": " (x1) @ 12000",
    "action_flag": 1,
    "change_message": "[{\"added\": {}}]"
  }
},
{
  "model": "admin.logentry",
  "pk": 34,
  "fields": {
    "action_time": "2025-09-24T00:45:38.987Z",
    "user": 1,
    "content_type": 4,
    "object_id": "3",
    "object_repr": "Testimonial from Ade & Uche (4 - Very Good)",
    "action_flag": 2,
    "change_message": "[{\"changed\": {\"fields\": [\"Content\"]}}]"
  }
},
{
  "model": "admin.logentry",
  "pk": 35,
  "fields": {
    "action_time": "2025-09-24T00:48:36.219Z",
    "user": 1,
    "content_type": 12,
    "object_id": "129",
    "object_repr": "Discount applied (x1.00) @ 13000.00",
    "action_flag": 2,
    "change_message": "[{\"changed\": {\"fields\": [\"Deliverables\"]}}]"
  }
},
{
  "model": "admin.logentry",
  "pk": 36,
  "fields": {
    "action_time": "2025-09-24T00:52:08.542Z",
    "user": 1,
    "content_type": 5,
    "object_id": "12",
    "object_repr": "Ashlee",
    "action_flag": 3,
    "change_message": ""
  }
},
{
  "model": "admin.logentry",
  "pk": 37,
  "fields": {
    "action_time": "2025-09-24T00:52:08.542Z",
    "user": 1,
    "content_type": 5,
    "object_id": "11",
    "object_repr": "damianc",
    "action_flag": 3,
    "change_message": ""
  }
},
{
  "model": "admin.logentry",
  "pk": 38,
  "fields": {
    "action_time": "2025-09-24T00:52:08.542Z",
    "user": 1,
    "content_type": 5,
    "object_id": "10",
    "object_repr": "Samcee",
    "action_flag": 3,
    "change_message": ""
  }
},
{
  "model": "admin.logentry",
  "pk": 39,
  "fields": {
    "action_time": "2025-09-24T00:52:08.542Z",
    "user": 1,
    "content_type": 5,
    "object_id": "8",
    "object_repr": "DaTreasure",
    "action_flag": 3,
    "change_message": ""
  }
},
{
  "model": "admin.logentry",
  "pk": 40,
  "fields": {
    "action_time": "2025-09-24T00:52:08.542Z",
    "user": 1,
    "content_type": 5,
    "object_id": "6",
    "object_repr": "ashleyconsty",
    "action_flag": 3,
    "change_message": ""
  }
},
{
  "model": "admin.logentry",
  "pk": 41,
  "fields": {
    "action_time": "2025-09-24T00:52:08.542Z",
    "user": 1,
    "content_type": 5,
    "object_id": "5",
    "object_repr": "mekus",
    "action_flag": 3,
    "change_message": ""
  }
},
{
  "model": "admin.logentry",
  "pk": 42,
  "fields": {
    "action_time": "2025-09-24T00:52:08.542Z",
    "user": 1,
    "content_type": 5,
    "object_id": "4",
    "object_repr": "tobit",
    "action_flag": 3,
    "change_message": ""
  }
},
{
  "model": "admin.logentry",
  "pk": 43,
  "fields": {
    "action_time": "2025-09-24T00:52:08.542Z",
    "user": 1,
    "content_type": 5,
    "object_id": "3",
    "object_repr": "vera2",
    "action_flag": 3,
    "change_message": ""
  }
},
{
  "model": "admin.logentry",
  "pk": 44,
  "fields": {
    "action_time": "2025-09-24T00:53:04.754Z",
    "user": 1,
    "content_type": 5,
    "object_id": "2",
    "object_repr": "Christian92",
    "action_flag": 2,
    "change_message": "[{\"changed\": {\"fields\": [\"Email\"]}}]"
  }
},
{
  "model": "admin.logentry",
  "pk": 45,
  "fields": {
    "action_time": "2025-09-24T00:53:45.259Z",
    "user": 1,
    "content_type": 5,
    "object_id": "1",
    "object_repr": "Sam",
    "action_flag": 2,
    "change_message": "[{\"changed\": {\"fields\": [\"Email\"]}}]"
  }
},
{
  "model": "admin.logentry",
  "pk": 46,
  "fields": {
    "action_time": "2025-09-25T02:58:00.900Z",
    "user": 1,
    "content_type": 5,
    "object_id": "15",
    "object_repr": "duruewurusamuel@gmail.com",
    "action_flag": 3,
    "change_message": ""
  }
},
{
  "model": "admin.logentry",
  "pk": 47,
  "fields": {
    "action_time": "2025-09-25T03:01:37.183Z",
    "user": 1,
    "content_type": 5,
    "object_id": "17",
    "object_repr": "dsccc",
    "action_flag": 3,
    "change_message": ""
  }
},
{
  "model": "admin.logentry",
  "pk": 48,
  "fields": {
    "action_time": "2025-09-25T03:01:37.183Z",
    "user": 1,
    "content_type": 5,
    "object_id": "14",
    "object_repr": "dsc",
    "action_flag": 3,
    "change_message": ""
  }
},
{
  "model": "admin.logentry",
  "pk": 49,
  "fields": {
    "action_time": "2025-09-25T17:31:23.955Z",
    "user": 1,
    "content_type": 13,
    "object_id": "4",
    "object_repr": "Payment #4 - 600000 (Completed)",
    "action_flag": 1,
    "change_message": "[{\"added\": {}}]"
  }
},
{
  "model": "admin.logentry",
  "pk": 50,
  "fields": {
    "action_time": "2025-10-09T03:24:18.848Z",
    "user": 1,
    "content_type": 11,
    "object_id": "76",
    "object_repr": "CGWBK-20250924-0001 by Sam",
    "action_flag": 3,
    "change_message": ""
  }
},
{
  "model": "admin.logentry",
  "pk": 51,
  "fields": {
    "action_time": "2025-10-09T03:24:18.848Z",
    "user": 1,
    "content_type": 11,
    "object_id": "7",
    "object_repr": "CGWBK-20250613-0001 by Christian92",
    "action_flag": 3,
    "change_message": ""
  }
},
{
  "model": "admin.logentry",
  "pk": 52,
  "fields": {
    "action_time": "2025-10-09T03:24:18.848Z",
    "user": 1,
    "content_type": 11,
    "object_id": "6",
    "object_repr": "CGWBK-20250528-0002 by Sam",
    "action_flag": 3,
    "change_message": ""
  }
},
{
  "model": "admin.logentry",
  "pk": 53,
  "fields": {
    "action_time": "2025-10-09T03:28:52.614Z",
    "user": 1,
    "content_type": 5,
    "object_id": "20",
    "object_repr": "DaTreasureEvents",
    "action_flag": 1,
    "change_message": "[{\"added\": {}}]"
  }
},
{
  "model": "admin.logentry",
  "pk": 54,
  "fields": {
    "action_time": "2025-10-09T04:55:23.573Z",
    "user": 1,
    "content_type": 5,
    "object_id": "20",
    "object_repr": "DaTreasureEvents",
    "action_flag": 2,
    "change_message": "[{\"changed\": {\"fields\": [\"First name\"]}}]"
  }
},
{
  "model": "admin.logentry",
  "pk": 55,
  "fields": {
    "action_time": "2025-10-09T04:59:38.540Z",
    "user": 1,
    "content_type": 11,
    "object_id": "77",
    "object_repr": "CGWBK-20251009-0001 by DaTreasureEvents",
    "action_flag": 1,
    "change_message": "[{\"added\": {}}]"
  }
},
{
  "model": "admin.logentry",
  "pk": 56,
  "fields": {
    "action_time": "2025-10-09T05:22:27.441Z",
    "user": 1,
    "content_type": 5,
    "object_id": "19",
    "object_repr": "wissyboy",
    "action_flag": 3,
    "change_message": ""
  }
},
{
  "model": "admin.logentry",
  "pk": 57,
  "fields": {
    "action_time": "2025-10-09T05:22:27.441Z",
    "user": 1,
    "content_type": 5,
    "object_id": "18",
    "object_repr": "zxcy",
    "action_flag": 3,
    "change_message": ""
  }
},
{
  "model": "admin.logentry",
  "pk": 58,
  "fields": {
    "action_time": "2025-10-09T05:46:43.240Z",
    "user": 1,
    "content_type": 11,
    "object_id": "78",
    "object_repr": "CGWBK-20251009-0002 by sisteruc",
    "action_flag": 1,
    "change_message": "[{\"added\": {}}]"
  }
},
{
  "model": "admin.logentry",
  "pk": 59,
  "fields": {
    "action_time": "2025-10-09T05:47:51.713Z",
    "user": 1,
    "content_type": 12,
    "object_id": "132",
    "object_repr": "Basic Art Video (x1) @ 1500000",
    "action_flag": 1,
    "change_message": "[{\"added\": {}}]"
  }
},
{
  "model": "admin.logentry",
  "pk": 60,
  "fields": {
    "action_time": "2025-10-09T06:46:18.062Z",
    "user": 1,
    "content_type": 12,
    "object_id": "132",
    "object_repr": "Basic Art Video (x1.00) @ 1500000.00",
    "action_flag": 3,
    "change_message": ""
  }
},
{
  "model": "admin.logentry",
  "pk": 61,
  "fields": {
    "action_time": "2025-10-09T06:48:16.890Z",
    "user": 1,
    "content_type": 12,
    "object_id": "133",
    "object_repr": "Basic Art Video (x1.00) @ 350000.00",
    "action_flag": 3,
    "change_message": ""
  }
},
{
  "model": "admin.logentry",
  "pk": 62,
  "fields": {
    "action_time": "2025-10-09T07:56:08.112Z",
    "user": 1,
    "content_type": 5,
    "object_id": "21",
    "object_repr": "OnyedikaOkoli",
    "action_flag": 1,
    "change_message": "[{\"added\": {}}]"
  }
},
{
  "model": "admin.logentry",
  "pk": 63,
  "fields": {
    "action_time": "2025-10-28T22:03:33.291Z",
    "user": 1,
    "content_type": 13,
    "object_id": "5",
    "object_repr": "Payment #5 - 350000 (Pending)",
    "action_flag": 1,
    "change_message": "[{\"added\": {}}]"
  }
},
{
  "model": "admin.logentry",
  "pk": 64,
  "fields": {
    "action_time": "2025-10-29T04:43:20.894Z",
    "user": 1,
    "content_type": 15,
    "object_id": "2",
    "object_repr": "OnyedikaOkoli - 2025-11-12",
    "action_flag": 1,
    "change_message": "[{\"added\": {}}]"
  }
},
{
  "model": "admin.logentry",
  "pk": 65,
  "fields": {
    "action_time": "2025-10-29T04:43:47.771Z",
    "user": 1,
    "content_type": 15,
    "object_id": "3",
    "object_repr": "OnyedikaOkoli - 2025-11-15",
    "action_flag": 1,
    "change_message": "[{\"added\": {}}]"
  }
},
{
  "model": "admin.logentry",
  "pk": 66,
  "fields": {
    "action_time": "2025-10-29T05:00:12.645Z",
    "user": 1,
    "content_type": 5,
    "object_id": "27",
    "object_repr": "ebukaugwu",
    "action_flag": 1,
    "change_message": "[{\"added\": {}}]"
  }
},
{
  "model": "admin.logentry",
  "pk": 67,
  "fields": {
    "action_time": "2025-10-29T05:00:54.416Z",
    "user": 1,
    "content_type": 11,
    "object_id": "89",
    "object_repr": "CGWBK-20251029-0001 by ebukaugwu",
    "action_flag": 1,
    "change_message": "[{\"added\": {}}]"
  }
},
{
  "model": "admin.logentry",
  "pk": 68,
  "fields": {
    "action_time": "2025-10-29T06:21:51.152Z",
    "user": 1,
    "content_type": 11,
    "object_id": "90",
    "object_repr": "CGWBK-20251029-0002 by ebukaugwu",
    "action_flag": 3,
    "change_message": ""
  }
},
{
  "model": "admin.logentry",
  "pk": 69,
  "fields": {
    "action_time": "2025-10-29T06:38:39.576Z",
    "user": 1,
    "content_type": 11,
    "object_id": "92",
    "object_repr": "CGWBK-20251029-0003 by ebukaugwu",
    "action_flag": 3,
    "change_message": ""
  }
},
{
  "model": "admin.logentry",
  "pk": 70,
  "fields": {
    "action_time": "2025-10-29T06:38:39.576Z",
    "user": 1,
    "content_type": 11,
    "object_id": "89",
    "object_repr": "CGWBK-20251029-0001 by ebukaugwu",
    "action_flag": 3,
    "change_message": ""
  }
},
{
  "model": "admin.logentry",
  "pk": 71,
  "fields": {
    "action_time": "2025-10-29T11:34:11.227Z",
    "user": 1,
    "content_type": 11,
    "object_id": "83",
    "object_repr": "CGWBK-20251009-0004 by OnyedikaOkoli",
    "action_flag": 3,
    "change_message": ""
  }
},
{
  "model": "admin.logentry",
  "pk": 72,
  "fields": {
    "action_time": "2025-11-17T07:07:48.353Z",
    "user": 1,
    "content_type": 12,
    "object_id": "151",
    "object_repr": "Discount (x1.00) @ 250000.00",
    "action_flag": 2,
    "change_message": "[{\"changed\": {\"fields\": [\"Deliverables\"]}}]"
  }
},
{
  "model": "admin.logentry",
  "pk": 73,
  "fields": {
    "action_time": "2025-11-17T07:07:57.750Z",
    "user": 1,
    "content_type": 12,
    "object_id": "151",
    "object_repr": "Discount (x1.00) @ 250000.00",
    "action_flag": 2,
    "change_message": "[{\"changed\": {\"fields\": [\"Deliverables\"]}}]"
  }
},
{
  "model": "admin.logentry",
  "pk": 74,
  "fields": {
    "action_time": "2025-11-17T07:08:33.182Z",
    "user": 1,
    "content_type": 12,
    "object_id": "148",
    "object_repr": "Discount applied (x1.00) @ 500000.00",
    "action_flag": 2,
    "change_message": "[{\"changed\": {\"fields\": [\"Deliverables\"]}}]"
  }
},
{
  "model": "admin.logentry",
  "pk": 75,
  "fields": {
    "action_time": "2025-11-17T07:08:35.696Z",
    "user": 1,
    "content_type": 12,
    "object_id": "148",
    "object_repr": "Discount applied (x1.00) @ 500000.00",
    "action_flag": 2,
    "change_message": "[]"
  }
},
{
  "model": "admin.logentry",
  "pk": 76,
  "fields": {
    "action_time": "2025-11-17T07:09:16.397Z",
    "user": 1,
    "content_type": 12,
    "object_id": "145",
    "object_repr": "Discount applied (x1.00) @ 500000.00",
    "action_flag": 2,
    "change_message": "[{\"changed\": {\"fields\": [\"Deliverables\"]}}]"
  }
},
{
  "model": "admin.logentry",
  "pk": 77,
  "fields": {
    "action_time": "2025-11-17T07:11:04.858Z",
    "user": 1,
    "content_type": 12,
    "object_id": "137",
    "object_repr": "Discount applied (x1.00) @ 500000.00",
    "action_flag": 2,
    "change_message": "[{\"changed\": {\"fields\": [\"Deliverables\"]}}]"
  }
},
{
  "model": "sessions.session",
  "pk": "0f7onde0ljjyzlh594svgvwiih082cjy",
  "fields": {
    "session_data": ".eJxVjDsOwjAQRO_iGllr4i8lPWewdtc2DiBHipMKcXcSKQWUM-_NvEXEdalx7XmOYxIXocTptyPkZ247SA9s90ny1JZ5JLkr8qBd3qaUX9fD_Tuo2Ou21ogcnCoEyQVfdGCjnGX2YM8acnKDDlgGMLYQeTBbtISaCQx5U1B8vuCGN9c:1v6hFW:SHqN5AqQJ4xxjhG9KCK2w3lcvvhqnk_chXz3SRJyum0",
    "expire_date": "2025-10-23T03:23:26.614Z"
  }
},
{
  "model": "sessions.session",
  "pk": "3mnk9gau2csocinhdavm8blly7elz0pg",
  "fields": {
    "session_data": ".eJxVjDsOwjAQRO_iGllr4i8lPWewdtc2DiBHipMKcXcSKQWUM-_NvEXEdalx7XmOYxIXocTptyPkZ247SA9s90ny1JZ5JLkr8qBd3qaUX9fD_Tuo2Ou21ogcnCoEyQVfdGCjnGX2YM8acnKDDlgGMLYQeTBbtISaCQx5U1B8vuCGN9c:1up7MW:ePwHHQ2320nUAbCsKS5DYtjRTazyBbVfnhZvTsfG2bE",
    "expire_date": "2025-09-04T15:38:00.285Z"
  }
},
{
  "model": "sessions.session",
  "pk": "agt2jgfat9b5hycbrm0rersyow13pae3",
  "fields": {
    "session_data": ".eJxVjDsOwjAQRO_iGllr4i8lPWewdtc2DiBHipMKcXcSKQWUM-_NvEXEdalx7XmOYxIXocTptyPkZ247SA9s90ny1JZ5JLkr8qBd3qaUX9fD_Tuo2Ou21ogcnCoEyQVfdGCjnGX2YM8acnKDDlgGMLYQeTBbtISaCQx5U1B8vuCGN9c:1vBIgq:UJmTkt9sgNATQCW3UqhczyzV3lJ20PU77sQWb50ceSI",
    "expire_date": "2025-11-04T20:10:40.822Z"
  }
},
{
  "model": "sessions.session",
  "pk": "dok4qb3quqbnbvc2lugtzfeawtq3isk2",
  "fields": {
    "session_data": ".eJxVjDsOwjAQRO_iGllr4i8lPWewdtc2DiBHipMKcXcSKQWUM-_NvEXEdalx7XmOYxIXocTptyPkZ247SA9s90ny1JZ5JLkr8qBd3qaUX9fD_Tuo2Ou21ogcnCoEyQVfdGCjnGX2YM8acnKDDlgGMLYQeTBbtISaCQx5U1B8vuCGN9c:1vE3mH:HYSSbXjgKNfVI4v-VNZB62wo4fsMQXrBvVWmnO4BRmU",
    "expire_date": "2025-11-12T10:51:41.118Z"
  }
},
{
  "model": "sessions.session",
  "pk": "f29y8h27zvbtcpn077ym4x2exoco7jxn",
  "fields": {
    "session_data": ".eJxVjDsOwjAQRO_iGllr4i8lPWewdtc2DiBHipMKcXcSKQWUM-_NvEXEdalx7XmOYxIXocTptyPkZ247SA9s90ny1JZ5JLkr8qBd3qaUX9fD_Tuo2Ou21ogcnCoEyQVfdGCjnGX2YM8acnKDDlgGMLYQeTBbtISaCQx5U1B8vuCGN9c:1v6jRw:_f2GbtbgzwUj-zJisx4dRtY3u0UnhRMZMKQPnnyYtqs",
    "expire_date": "2025-10-23T05:44:24.897Z"
  }
},
{
  "model": "sessions.session",
  "pk": "gpmv19gurla4lzwescf2ou023oavfn1a",
  "fields": {
    "session_data": ".eJxVjDsOwjAQRO_iGllr4i8lPWewdtc2DiBHipMKcXcSKQWUM-_NvEXEdalx7XmOYxIXocTptyPkZ247SA9s90ny1JZ5JLkr8qBd3qaUX9fD_Tuo2Ou21ogcnCoEyQVfdGCjnGX2YM8acnKDDlgGMLYQeTBbtISaCQx5U1B8vuCGN9c:1vBBy3:CgF7rV5Vv0wH4SbZ92nzcLBgv7DF99etywCClP02dn4",
    "expire_date": "2025-11-04T12:59:59.268Z"
  }
},
{
  "model": "sessions.session",
  "pk": "hqsmrmt5oongwg24mkqwr9yx1snkhi5b",
  "fields": {
    "session_data": ".eJxVjDsOwjAQRO_iGllr4i8lPWewdtc2DiBHipMKcXcSKQWUM-_NvEXEdalx7XmOYxIXocTptyPkZ247SA9s90ny1JZ5JLkr8qBd3qaUX9fD_Tuo2Ou21ogcnCoEyQVfdGCjnGX2YM8acnKDDlgGMLYQeTBbtISaCQx5U1B8vuCGN9c:1vDzU7:fAdXX_BuzX0FtDFp3kO_ResbznmPqJU5TKqBQY0oZxI",
    "expire_date": "2025-11-12T06:16:39.941Z"
  }
},
{
  "model": "sessions.session",
  "pk": "i232k6oh7d7ouv35l4kkkqxsswuax6mt",
  "fields": {
    "session_data": ".eJxVjDsOwjAQRO_iGllr4i8lPWewdtc2DiBHipMKcXcSKQWUM-_NvEXEdalx7XmOYxIXocTptyPkZ247SA9s90ny1JZ5JLkr8qBd3qaUX9fD_Tuo2Ou21ogcnCoEyQVfdGCjnGX2YM8acnKDDlgGMLYQeTBbtISaCQx5U1B8vuCGN9c:1vHRk5:Ok7bFB_WQCBexmGl5RkatWTPSlNr0jWLl9R9L0Chvnc",
    "expire_date": "2025-11-21T19:03:25.443Z"
  }
},
{
  "model": "sessions.session",
  "pk": "lbzq1hqw7l04s1e1qx9i417oqueib3uz",
  "fields": {
    "session_data": ".eJxVjDsOwjAQRO_iGllr4i8lPWewdtc2DiBHipMKcXcSKQWUM-_NvEXEdalx7XmOYxIXocTptyPkZ247SA9s90ny1JZ5JLkr8qBd3qaUX9fD_Tuo2Ou21ogcnCoEyQVfdGCjnGX2YM8acnKDDlgGMLYQeTBbtISaCQx5U1B8vuCGN9c:1v0fW1:a9y4LlLRXQNsVL32TX9LrtD-7aocK8ImAcwo9gdzRuE",
    "expire_date": "2025-10-06T12:19:33.266Z"
  }
},
{
  "model": "sessions.session",
  "pk": "mesilj4nx34qu79y4ndjy1qp8txbrswd",
  "fields": {
    "session_data": ".eJxVjDsOwjAQRO_iGllr4i8lPWewdtc2DiBHipMKcXcSKQWUM-_NvEXEdalx7XmOYxIXocTptyPkZ247SA9s90ny1JZ5JLkr8qBd3qaUX9fD_Tuo2Ou21ogcnCoEyQVfdGCjnGX2YM8acnKDDlgGMLYQeTBbtISaCQx5U1B8vuCGN9c:1vKbSh:GYbUd8GW8H8Bv3wOf9DyQYFLCBuZpmk46XpOEG4AhP8",
    "expire_date": "2025-11-30T12:02:31.600Z"
  }
},
{
  "model": "sessions.session",
  "pk": "ock9e5j25wzsp7ulgbu49wmi9pe1xiyh",
  "fields": {
    "session_data": ".eJxVjDsOwjAQRO_iGllr4i8lPWewdtc2DiBHipMKcXcSKQWUM-_NvEXEdalx7XmOYxIXocTptyPkZ247SA9s90ny1JZ5JLkr8qBd3qaUX9fD_Tuo2Ou21ogcnCoEyQVfdGCjnGX2YM8acnKDDlgGMLYQeTBbtISaCQx5U1B8vuCGN9c:1v0fJ7:xSV2EzmLRqjg0pCGA8U3ZVC_L_Ma2At27hMHBAxQSf0",
    "expire_date": "2025-10-06T12:06:13.411Z"
  }
},
{
  "model": "sessions.session",
  "pk": "qqewfvxlfwrcgegfhwjlgljlj3gierm0",
  "fields": {
    "session_data": ".eJxVjDsOwjAQRO_iGllr4i8lPWewdtc2DiBHipMKcXcSKQWUM-_NvEXEdalx7XmOYxIXocTptyPkZ247SA9s90ny1JZ5JLkr8qBd3qaUX9fD_Tuo2Ou21ogcnCoEyQVfdGCjnGX2YM8acnKDDlgGMLYQeTBbtISaCQx5U1B8vuCGN9c:1vBIgm:W_4wpXAkBYEtNtTSzU8P4qoQpbB86DIe9-rS17eJ7_g",
    "expire_date": "2025-11-04T20:10:36.442Z"
  }
},
{
  "model": "sessions.session",
  "pk": "skt10efyxjnmnk4zwq7klnrpzr8ma4d6",
  "fields": {
    "session_data": ".eJxVjDsOwjAQRO_iGllr4i8lPWewdtc2DiBHipMKcXcSKQWUM-_NvEXEdalx7XmOYxIXocTptyPkZ247SA9s90ny1JZ5JLkr8qBd3qaUX9fD_Tuo2Ou21ogcnCoEyQVfdGCjnGX2YM8acnKDDlgGMLYQeTBbtISaCQx5U1B8vuCGN9c:1vDpay:cA2dOyEldWSpt9-tDCHpoEhOlim99215AN0mwX7I0cw",
    "expire_date": "2025-11-11T19:43:04.602Z"
  }
},
{
  "model": "sessions.session",
  "pk": "vi9iuuuar0ng9wo32crt3yrl5gc72lzd",
  "fields": {
    "session_data": ".eJxVjDsOwjAQRO_iGllr4i8lPWewdtc2DiBHipMKcXcSKQWUM-_NvEXEdalx7XmOYxIXocTptyPkZ247SA9s90ny1JZ5JLkr8qBd3qaUX9fD_Tuo2Ou21ogcnCoEyQVfdGCjnGX2YM8acnKDDlgGMLYQeTBbtISaCQx5U1B8vuCGN9c:1up562:IGm9BRdCpKDn-J7IdFhujeYyqjOijlnrio9fZ-x0F30",
    "expire_date": "2025-09-04T13:12:50.248Z"
  }
},
{
  "model": "sessions.session",
  "pk": "wvrf3g8ls3m58lj2q972enwlz7xq6kcv",
  "fields": {
    "session_data": ".eJxVjDsOwjAQRO_iGllr4i8lPWewdtc2DiBHipMKcXcSKQWUM-_NvEXEdalx7XmOYxIXocTptyPkZ247SA9s90ny1JZ5JLkr8qBd3qaUX9fD_Tuo2Ou21ogcnCoEyQVfdGCjnGX2YM8acnKDDlgGMLYQeTBbtISaCQx5U1B8vuCGN9c:1vHRkA:Lpg1wVaxZJBZyECWcWCC4s_cqQl5djAd0ThLcHhg5EE",
    "expire_date": "2025-11-21T19:03:30.212Z"
  }
},
{
  "model": "gallery.galleryimage",
  "pk": 1,
  "fields": {
    "title": "",
    "src": "gallery/358A0111.jpg",
    "category": "wedding",
    "date_taken": "2025-06-15",
    "slug": "",
    "featured": false
  }
},
{
  "model": "gallery.galleryimage",
  "pk": 2,
  "fields": {
    "title": "",
    "src": "gallery/img-4_5MV5t9S.jpg",
    "category": "wedding",
    "date_taken": null,
    "slug": "",
    "featured": false
  }
},
{
  "model": "gallery.galleryimage",
  "pk": 3,
  "fields": {
    "title": "",
    "src": "gallery/img-8.jpg",
    "category": "wedding",
    "date_taken": "2025-06-15",
    "slug": "",
    "featured": false
  }
},
{
  "model": "gallery.galleryimage",
  "pk": 4,
  "fields": {
    "title": "",
    "src": "gallery/img-10.jpg",
    "category": "wedding",
    "date_taken": "2025-06-15",
    "slug": "",
    "featured": false
  }
},
{
  "model": "gallery.galleryimage",
  "pk": 5,
  "fields": {
    "title": "",
    "src": "gallery/img-11.jpg",
    "category": "wedding",
    "date_taken": null,
    "slug": "",
    "featured": false
  }
},
{
  "model": "gallery.galleryimage",
  "pk": 6,
  "fields": {
    "title": "",
    "src": "gallery/img-14.jpg",
    "category": "engagement",
    "date_taken": "2025-06-17",
    "slug": "",
    "featured": false
  }
},
{
  "model": "gallery.galleryimage",
  "pk": 7,
  "fields": {
    "title": "",
    "src": "gallery/img-7.jpg",
    "category": "wedding",
    "date_taken": null,
    "slug": "",
    "featured": false
  }
},
{
  "model": "gallery.galleryimage",
  "pk": 8,
  "fields": {
    "title": "",
    "src": "gallery/TUGO7395.jpg",
    "category": "wedding",
    "date_taken": null,
    "slug": "",
    "featured": false
  }
},
{
  "model": "gallery.galleryimage",
  "pk": 9,
  "fields": {
    "title": "",
    "src": "gallery/DSC06428.jpg",
    "category": "wedding",
    "date_taken": null,
    "slug": "",
    "featured": false
  }
},
{
  "model": "gallery.galleryimage",
  "pk": 10,
  "fields": {
    "title": "",
    "src": "gallery/TUGO8158.jpg",
    "category": "wedding",
    "date_taken": null,
    "slug": "",
    "featured": false
  }
},
{
  "model": "gallery.galleryimage",
  "pk": 12,
  "fields": {
    "title": "candi19",
    "src": "gallery/358A8833_1.jpg",
    "category": "wedding",
    "date_taken": null,
    "slug": "",
    "featured": false
  }
},
{
  "model": "gallery.galleryimage",
  "pk": 14,
  "fields": {
    "title": "innow",
    "src": "gallery/DSC05246_Large.JPG",
    "category": "wedding",
    "date_taken": "2025-09-22",
    "slug": "",
    "featured": false
  }
},
{
  "model": "gallery.galleryimage",
  "pk": 15,
  "fields": {
    "title": "inno",
    "src": "gallery/DSC05221_Large.JPG",
    "category": "wedding",
    "date_taken": null,
    "slug": "",
    "featured": false
  }
},
{
  "model": "company_info.companyinfo",
  "pk": 1,
  "fields": {
    "name": "CineGRADE VISUALS",
    "logo": "company_logos/cinegrade_weddings_website_WEB.png",
    "email": "cinegradeweddings@gmail.com",
    "phone": "07037663132",
    "address": "23 Forest Crescent GRA Enugu",
    "website": "http://www.cinegradeweddings.com",
    "brand_message": "",
    "who_we_are": "",
    "facebook": null,
    "instagram": null,
    "twitter": null,
    "linkedin": null,
    "bank": null,
    "account_number": null,
    "created_at": "2025-05-23T11:58:08.522Z",
    "updated_at": "2025-05-23T11:58:08.522Z"
  }
},
{
  "model": "users.client",
  "pk": 1,
  "fields": {
    "password": "pbkdf2_sha256$870000$u5eMYkO23Dn1xLUproNWfR$jG451tUdHZpK0KW6/fU1nizyMMF0irOFbUrXTW6aimw=",
    "last_login": "2025-11-16T20:35:11.549Z",
    "is_superuser": true,
    "username": "Sam",
    "first_name": "Duruewuru",
    "last_name": "Chukwuemeka",
    "is_staff": true,
    "is_active": true,
    "date_joined": "2025-05-23T10:43:05Z",
    "event_role": "",
    "address": "Electronic Engineering Department University of Nigeria. Nsukka",
    "instagram_handle": "",
    "phone": "+2347037663132",
    "birthday": null,
    "trad_anniversary": null,
    "wedding_anniversary": null,
    "spouse_name": "",
    "spouse_phone": "",
    "spouse_email": "",
    "spouse_instagram": "",
    "email": "duruewurusamuel@gmail.com",
    "groups": [],
    "user_permissions": []
  }
},
{
  "model": "users.client",
  "pk": 2,
  "fields": {
    "password": "pbkdf2_sha256$870000$HvuiF5vv8vp1pBopdt4eQq$ZRAWGp+g6xjeQyS3PJrX1YdN/vCGjJModSc5bV5+ji8=",
    "last_login": null,
    "is_superuser": false,
    "username": "Christian92",
    "first_name": "Christian",
    "last_name": "Chukwu",
    "is_staff": false,
    "is_active": true,
    "date_joined": "2025-05-27T10:49:42Z",
    "event_role": "",
    "address": "Canada",
    "instagram_handle": "",
    "phone": "+2347037663132",
    "birthday": null,
    "trad_anniversary": null,
    "wedding_anniversary": null,
    "spouse_name": "",
    "spouse_phone": "",
    "spouse_email": "",
    "spouse_instagram": "",
    "email": "duruugo67@gmail.com",
    "groups": [],
    "user_permissions": []
  }
},
{
  "model": "users.client",
  "pk": 13,
  "fields": {
    "password": "pbkdf2_sha256$870000$uC21SJrigcgF1X5YYBLTAa$2BmGWivN7tmHe4Sa+nazJyNOhfscR4/JHsO1R95AEd4=",
    "last_login": null,
    "is_superuser": false,
    "username": "sisteruc",
    "first_name": "Uchechukwu",
    "last_name": "Njoku",
    "is_staff": false,
    "is_active": true,
    "date_joined": "2025-08-22T20:53:40.343Z",
    "event_role": "",
    "address": "Barcelona",
    "instagram_handle": "",
    "phone": "+2347034712501",
    "birthday": null,
    "trad_anniversary": null,
    "wedding_anniversary": null,
    "spouse_name": "",
    "spouse_phone": "",
    "spouse_email": "",
    "spouse_instagram": "",
    "email": "unjoku@aust.edu.ng",
    "groups": [],
    "user_permissions": []
  }
},
{
  "model": "users.client",
  "pk": 20,
  "fields": {
    "password": "thelord1I@",
    "last_login": null,
    "is_superuser": false,
    "username": "DaTreasureEvents",
    "first_name": "Ogochukwu Treasure",
    "last_name": "Ogbodo",
    "is_staff": false,
    "is_active": true,
    "date_joined": "2025-10-09T03:25:14Z",
    "event_role": "Planner",
    "address": "Independence Layout Enugu",
    "instagram_handle": "@datreasureevents",
    "phone": "+2348066396683",
    "birthday": null,
    "trad_anniversary": null,
    "wedding_anniversary": null,
    "spouse_name": "",
    "spouse_phone": "",
    "spouse_email": "",
    "spouse_instagram": "",
    "email": "datreasureevents@gmail.com",
    "groups": [],
    "user_permissions": []
  }
},
{
  "model": "users.client",
  "pk": 21,
  "fields": {
    "password": "thelord",
    "last_login": null,
    "is_superuser": false,
    "username": "OnyedikaOkoli",
    "first_name": "Onyedika",
    "last_name": "Okoli",
    "is_staff": false,
    "is_active": true,
    "date_joined": "2025-10-09T07:52:14Z",
    "event_role": "Groom",
    "address": "GRA Enugu",
    "instagram_handle": "",
    "phone": "+2348130180206",
    "birthday": null,
    "trad_anniversary": "2025-10-15",
    "wedding_anniversary": "2025-11-15",
    "spouse_name": "",
    "spouse_phone": "",
    "spouse_email": "",
    "spouse_instagram": "",
    "email": "onyekaokoli@gmail.com",
    "groups": [],
    "user_permissions": []
  }
},
{
  "model": "users.client",
  "pk": 22,
  "fields": {
    "password": "thelord",
    "last_login": null,
    "is_superuser": false,
    "username": "duruewuruonyinye",
    "first_name": "Onyinye",
    "last_name": "Duruewuru",
    "is_staff": false,
    "is_active": true,
    "date_joined": "2025-10-21T13:04:18.985Z",
    "event_role": "",
    "address": "",
    "instagram_handle": "",
    "phone": "+2348173800961",
    "birthday": null,
    "trad_anniversary": null,
    "wedding_anniversary": "2025-11-22",
    "spouse_name": "Mercy",
    "spouse_phone": "",
    "spouse_email": "",
    "spouse_instagram": "",
    "email": "duruewuruonyinye@gmail.com",
    "groups": [],
    "user_permissions": []
  }
},
{
  "model": "users.client",
  "pk": 23,
  "fields": {
    "password": "thelord",
    "last_login": null,
    "is_superuser": false,
    "username": "fiber",
    "first_name": "Ifeanyi",
    "last_name": "Lawrence",
    "is_staff": false,
    "is_active": true,
    "date_joined": "2025-10-25T05:34:57.270Z",
    "event_role": "",
    "address": "Portugal",
    "instagram_handle": "ifeanyilawrence",
    "phone": "+2347037513959",
    "birthday": null,
    "trad_anniversary": null,
    "wedding_anniversary": "2025-12-27",
    "spouse_name": "",
    "spouse_phone": "",
    "spouse_email": "",
    "spouse_instagram": "",
    "email": "ifeanyilawrence@gmail.com",
    "groups": [],
    "user_permissions": []
  }
},
{
  "model": "users.client",
  "pk": 24,
  "fields": {
    "password": "thelord",
    "last_login": null,
    "is_superuser": false,
    "username": "anuliezegwui",
    "first_name": "Anuli",
    "last_name": "Ezegwui",
    "is_staff": false,
    "is_active": true,
    "date_joined": "2025-10-28T18:58:17.355Z",
    "event_role": "Bride",
    "address": "",
    "instagram_handle": "",
    "phone": "+2348168792042",
    "birthday": null,
    "trad_anniversary": "2026-01-17",
    "wedding_anniversary": "2026-01-24",
    "spouse_name": "",
    "spouse_phone": "",
    "spouse_email": "",
    "spouse_instagram": "",
    "email": "kamsi360@gmail.com",
    "groups": [],
    "user_permissions": []
  }
},
{
  "model": "users.client",
  "pk": 25,
  "fields": {
    "password": "thelord",
    "last_login": null,
    "is_superuser": false,
    "username": "ayodeji",
    "first_name": "Ukachukwu",
    "last_name": "Ayodeji",
    "is_staff": false,
    "is_active": true,
    "date_joined": "2025-10-28T19:09:58.200Z",
    "event_role": "",
    "address": "Lagos",
    "instagram_handle": "",
    "phone": "+2348030670524",
    "birthday": null,
    "trad_anniversary": null,
    "wedding_anniversary": "2025-12-23",
    "spouse_name": "",
    "spouse_phone": "",
    "spouse_email": "",
    "spouse_instagram": "",
    "email": "ayoejikee@yahoo.com",
    "groups": [],
    "user_permissions": []
  }
},
{
  "model": "users.client",
  "pk": 26,
  "fields": {
    "password": "thelord",
    "last_login": null,
    "is_superuser": false,
    "username": "ifeomaezegwui",
    "first_name": "Ifeoma",
    "last_name": "Ezegwui",
    "is_staff": false,
    "is_active": true,
    "date_joined": "2025-10-28T21:51:41.395Z",
    "event_role": "Planner",
    "address": "Enugu",
    "instagram_handle": "",
    "phone": "+2348127710224",
    "birthday": "1965-01-02",
    "trad_anniversary": null,
    "wedding_anniversary": null,
    "spouse_name": "",
    "spouse_phone": "",
    "spouse_email": "",
    "spouse_instagram": "",
    "email": "ifeoma.ezegwui@unn.edu.ng",
    "groups": [],
    "user_permissions": []
  }
},
{
  "model": "users.client",
  "pk": 27,
  "fields": {
    "password": "thelord",
    "last_login": null,
    "is_superuser": false,
    "username": "ebukaugwu",
    "first_name": "Ebuka",
    "last_name": "Ugwu",
    "is_staff": false,
    "is_active": true,
    "date_joined": "2025-10-29T04:55:45Z",
    "event_role": "Relation",
    "address": "Enugu",
    "instagram_handle": "",
    "phone": "+2348038725511",
    "birthday": null,
    "trad_anniversary": null,
    "wedding_anniversary": null,
    "spouse_name": "",
    "spouse_phone": "",
    "spouse_email": "",
    "spouse_instagram": "",
    "email": "mazibukaz@gmail.com",
    "groups": [],
    "user_permissions": []
  }
},
{
  "model": "users.client",
  "pk": 28,
  "fields": {
    "password": "thelord1I@",
    "last_login": null,
    "is_superuser": false,
    "username": "sopuludimelu",
    "first_name": "Sopulu",
    "last_name": "Dimelu",
    "is_staff": false,
    "is_active": true,
    "date_joined": "2025-11-07T09:35:15.541Z",
    "event_role": "",
    "address": "Uk",
    "instagram_handle": "",
    "phone": "+2347063015545",
    "birthday": null,
    "trad_anniversary": null,
    "wedding_anniversary": null,
    "spouse_name": "",
    "spouse_phone": "",
    "spouse_email": "",
    "spouse_instagram": "",
    "email": "sopuludimelu@gmail.com",
    "groups": [],
    "user_permissions": []
  }
},
{
  "model": "users.client",
  "pk": 29,
  "fields": {
    "password": "thelord",
    "last_login": null,
    "is_superuser": false,
    "username": "idealexecutiveevents",
    "first_name": "Delight",
    "last_name": "Echeta",
    "is_staff": false,
    "is_active": true,
    "date_joined": "2025-11-07T09:41:05.527Z",
    "event_role": "",
    "address": "Awka",
    "instagram_handle": "delightevents",
    "phone": "+2347063015545",
    "birthday": null,
    "trad_anniversary": null,
    "wedding_anniversary": null,
    "spouse_name": "",
    "spouse_phone": "",
    "spouse_email": "",
    "spouse_instagram": "",
    "email": "idealexecutiveevents@gmail.com",
    "groups": [],
    "user_permissions": []
  }
},
{
  "model": "users.testimonial",
  "pk": 1,
  "fields": {
    "name": "Chinwe & Emeka",
    "location": "Lagos, Nigeria",
    "role_or_company": null,
    "content": "Cinegrade Weddings captured every moment perfectly. We relive our day every time we watch our video. Absolutely magical!",
    "rating": 5,
    "image": "",
    "is_featured": true,
    "created_at": "2025-06-18T12:41:53.557Z",
    "updated_at": "2025-06-18T13:09:01.738Z"
  }
},
{
  "model": "users.testimonial",
  "pk": 2,
  "fields": {
    "name": "Amara & Tobi",
    "location": "Enugu, Nigeria",
    "role_or_company": null,
    "content": "From start to finish, the team was professional and attentive. The editing and storytelling were beyond our expectations.",
    "rating": 5,
    "image": "",
    "is_featured": true,
    "created_at": "2025-06-18T12:43:58.761Z",
    "updated_at": "2025-06-18T13:09:13.556Z"
  }
},
{
  "model": "users.testimonial",
  "pk": 3,
  "fields": {
    "name": "Ade & Uche",
    "location": "London, UK",
    "role_or_company": null,
    "content": "We flew in for our traditional wedding and Cinegrade gave us something we will treasure forever. Thank you for making it timeless!",
    "rating": 4,
    "image": "",
    "is_featured": true,
    "created_at": "2025-06-18T12:44:51.339Z",
    "updated_at": "2025-09-24T00:45:38.788Z"
  }
},
{
  "model": "users.testimonial",
  "pk": 4,
  "fields": {
    "name": "Ada & Kene",
    "location": "Ontario Canada",
    "role_or_company": null,
    "content": "CineGRADE Weddings is the best",
    "rating": 5,
    "image": "",
    "is_featured": false,
    "created_at": "2025-06-18T14:12:07.159Z",
    "updated_at": "2025-06-18T14:12:07.160Z"
  }
},
{
  "model": "events.package",
  "pk": 1,
  "fields": {
    "package_name": "Deluxe Art video",
    "event_type": "wedding",
    "category": "video",
    "price": "700000.00",
    "description": "Full Day Wedding Videography Package",
    "deliverables": "Complete day coverage*,\r\nTwo Videographers,\r\nOne Drone Pilot,\r\nFull Sound Assistant,\r\nFull length Video of The Wedding Event,\r\n2-3 Mins Wedding Trailer,\r\n10 mins Highlight Video,\r\nOnline Video Upload,\r\nUSB thumb Drive",
    "duration": "Full day",
    "is_popular": true,
    "image": "package_images/DSC06518.jpg",
    "created_at": "2025-05-23T11:18:55.039Z"
  }
},
{
  "model": "events.package",
  "pk": 2,
  "fields": {
    "package_name": "Basic Art Video",
    "event_type": "wedding",
    "category": "video",
    "price": "350000.00",
    "description": "Full Day Event Videography package",
    "deliverables": "Complete day coverage,\r\nOne videographer,\r\nOne Minute Wedding Highlight,\r\nFull Length Event Video,\r\nUSB Thumb Drive",
    "duration": "Full day",
    "is_popular": false,
    "image": "package_images/DSC06276.jpg",
    "created_at": "2025-05-23T11:22:41.201Z"
  }
},
{
  "model": "events.package",
  "pk": 3,
  "fields": {
    "package_name": "Photo Basic",
    "event_type": "wedding",
    "category": "photo",
    "price": "350000.00",
    "description": "Full Day Event Photography",
    "deliverables": "One photographer,\r\n150 Individually Edited Images,\r\nUSB thumb Drive of entire Wedding Images,\r\nOnline Viewing Gallery",
    "duration": "Full day",
    "is_popular": false,
    "image": "package_images/DSC06515.jpg",
    "created_at": "2025-05-23T11:25:49.700Z"
  }
},
{
  "model": "events.package",
  "pk": 4,
  "fields": {
    "package_name": "Diamond Combo",
    "event_type": "wedding",
    "category": "combo",
    "price": "1500000.00",
    "description": "Full Day Event Photography and Videography",
    "deliverables": "Two photographers,\r\nTwo Videographers,\r\nDrone Coverage,\r\n3-5mins Event highlight Video,\r\nFull length Video on USB Drive or DVD,\r\nSoftcopies of Entire wedding Images,\r\nTwo 12x36 Inch Synthetic Photobook ,\r\nMini Photobook and Calendar,\r\nThree 16x20 Inch Enlargement Frame\r\nComplementary Prewedding Photoshoot",
    "duration": "Full day",
    "is_popular": true,
    "image": "package_images/img-5_0lFVb4r.jpg",
    "created_at": "2025-05-23T11:31:06.148Z"
  }
},
{
  "model": "events.package",
  "pk": 5,
  "fields": {
    "package_name": "Gold Combo",
    "event_type": "wedding",
    "category": "combo",
    "price": "1250000.00",
    "description": "Full day Wedding photography and Videography",
    "deliverables": "Two photographer,\r\nTwo Videographer,\r\n3-5mins Event Highlight video,\r\nFull Length Video on USB Drive,\r\nSoftcopies of Entire Wedding Images,\r\nOne 12X24Inch Synthetic Photobook,\r\nThree16x20Inch Enlargement Frame",
    "duration": "Full day",
    "is_popular": false,
    "image": "package_images/358A2585.jpg",
    "created_at": "2025-05-23T11:35:02.927Z"
  }
},
{
  "model": "events.package",
  "pk": 6,
  "fields": {
    "package_name": "Photo Regular",
    "event_type": "wedding",
    "category": "photo",
    "price": "450000.00",
    "description": "Full Day wedding Photography",
    "deliverables": "One photographer,\r\n200 Individually Edited Images,\r\nUSB thumb Drive of entire Wedding Images,\r\nOnline Viewing Gallery,\r\n12X24Inch Synthethic Photobook,\r\n16x20Inch Wall Frame",
    "duration": "Full day",
    "is_popular": false,
    "image": "package_images/DSC04628.jpg",
    "created_at": "2025-08-22T19:00:31.991Z"
  }
},
{
  "model": "events.package",
  "pk": 7,
  "fields": {
    "package_name": "Photo Premium",
    "event_type": "wedding",
    "category": "photo",
    "price": "600000.00",
    "description": "Full day Wedding Photography",
    "deliverables": "Two photographers,\r\n300 Individually Edited Images,\r\nUSB thumb Drive of entire Wedding Images,\r\nOnline Viewing Gallery,\r\n12x36 Inch Synthetic Photobook ,\r\nMini Photobook and Calendar,\r\nThree 16x20 Inch Wall Frame",
    "duration": "Full day",
    "is_popular": true,
    "image": "package_images/DSC02087.jpg",
    "created_at": "2025-08-22T19:13:45.009Z"
  }
},
{
  "model": "events.package",
  "pk": 8,
  "fields": {
    "package_name": "Standard Art Video",
    "event_type": "wedding",
    "category": "video",
    "price": "500000.00",
    "description": "Full day wedding videography package",
    "deliverables": "Complete day coverage,\r\nTwo Videographer,\r\nFull length Video of The Event in FHD,\r\n2-3 minutes Wedding Trailer,\r\ncustomized wooden USB Thumb Drive,\r\nOnline Video Upload",
    "duration": "Full day",
    "is_popular": false,
    "image": "package_images/TUGO7933.jpg",
    "created_at": "2025-08-25T09:04:49.910Z"
  }
},
{
  "model": "events.package",
  "pk": 9,
  "fields": {
    "package_name": "Silver Combo",
    "event_type": "wedding",
    "category": "combo",
    "price": "1000000.00",
    "description": "Full Day Wedding Photography and Videography",
    "deliverables": "One photographer,\r\nOne Videographer,\r\n8x10inch Synthetic Photobook,\r\nFull Length Video on USB Drive,\r\nSoft Copies of entire Wedding Images,\r\nOne 16x20inch Enlargement Frame",
    "duration": "Full day",
    "is_popular": false,
    "image": "package_images/DSC05246_Large.JPG",
    "created_at": "2025-09-22T17:25:25.819Z"
  }
},
{
  "model": "events.addon",
  "pk": 1,
  "fields": {
    "name": "Extra Photographer",
    "description": "1x photographer",
    "price": "1500000.00",
    "is_active": true
  }
},
{
  "model": "events.addon",
  "pk": 2,
  "fields": {
    "name": "Drone Coverage",
    "description": "4k UHD Drone coverage",
    "price": "100000.00",
    "is_active": true
  }
},
{
  "model": "events.addon",
  "pk": 3,
  "fields": {
    "name": "Extra Videographer",
    "description": "1x Videographer",
    "price": "100000.00",
    "is_active": true
  }
},
{
  "model": "events.addon",
  "pk": 6,
  "fields": {
    "name": "logistics",
    "description": "transport",
    "price": "1500000.00",
    "is_active": true
  }
},
{
  "model": "events.addon",
  "pk": 7,
  "fields": {
    "name": "Accomodation",
    "description": "Hotel accomodation",
    "price": "300000.00",
    "is_active": true
  }
},
{
  "model": "events.booking",
  "pk": 69,
  "fields": {
    "client": 13,
    "event_type": "Traditional Marriage",
    "event_description": "",
    "wedding_date": "2025-09-25",
    "location": "Nsukka",
    "additional_notes": "",
    "date_booked": "2025-09-23T20:55:28.093Z",
    "booking_code": "CGWBK-20250923-0001",
    "invoice_number": "CGINV-20250923-0001",
    "issue_date": null,
    "due_date": null,
    "amount_due": "0.00",
    "payment_status": "pending",
    "tax_rate": "0.00",
    "delivery_status": "In progress",
    "Image_link": null,
    "Video_link": null,
    "created_at": "2025-09-23T20:55:28.093Z",
    "updated_at": "2025-09-23T20:55:28.093Z",
    "packages": [],
    "Addons": []
  }
},
{
  "model": "events.booking",
  "pk": 77,
  "fields": {
    "client": 20,
    "event_type": "Burial",
    "event_description": "Burial of Pa Odoh",
    "wedding_date": "2025-10-24",
    "location": "Aku, Nsukka",
    "additional_notes": "",
    "date_booked": "2025-10-09T04:59:37.914Z",
    "booking_code": "CGWBK-20251009-0001",
    "invoice_number": "CGINV-20251009-0001",
    "issue_date": null,
    "due_date": null,
    "amount_due": "0.00",
    "payment_status": "pending",
    "tax_rate": "0.00",
    "delivery_status": "In progress",
    "Image_link": null,
    "Video_link": null,
    "created_at": "2025-10-09T04:59:37.914Z",
    "updated_at": "2025-10-09T04:59:37.914Z",
    "packages": [],
    "Addons": []
  }
},
{
  "model": "events.booking",
  "pk": 84,
  "fields": {
    "client": 21,
    "event_type": "White Wedding",
    "event_description": "",
    "wedding_date": "2025-11-15",
    "location": "Enugu",
    "additional_notes": "",
    "date_booked": "2025-10-09T07:59:43.378Z",
    "booking_code": "CGWBK-20251009-0005",
    "invoice_number": "CGINV-20251009-0005",
    "issue_date": null,
    "due_date": null,
    "amount_due": "500000.00",
    "payment_status": "pending",
    "tax_rate": "0.00",
    "delivery_status": "In progress",
    "Image_link": null,
    "Video_link": null,
    "created_at": "2025-10-09T07:59:43.378Z",
    "updated_at": "2025-10-28T22:03:33.125Z",
    "packages": [],
    "Addons": []
  }
},
{
  "model": "events.booking",
  "pk": 85,
  "fields": {
    "client": 20,
    "event_type": "Burial",
    "event_description": "Thanksgiving Service",
    "wedding_date": "2025-10-26",
    "location": "Aku, Nsukka Enugu",
    "additional_notes": "",
    "date_booked": "2025-10-09T08:05:56.067Z",
    "booking_code": "CGWBK-20251009-0006",
    "invoice_number": "CGINV-20251009-0006",
    "issue_date": null,
    "due_date": null,
    "amount_due": "0.00",
    "payment_status": "pending",
    "tax_rate": "0.00",
    "delivery_status": "In progress",
    "Image_link": null,
    "Video_link": null,
    "created_at": "2025-10-09T08:05:56.067Z",
    "updated_at": "2025-10-09T08:05:56.067Z",
    "packages": [],
    "Addons": []
  }
},
{
  "model": "events.booking",
  "pk": 86,
  "fields": {
    "client": 22,
    "event_type": "White Wedding",
    "event_description": "Wedding between Onyinye and Mercy",
    "wedding_date": "2025-11-22",
    "location": "Enugu",
    "additional_notes": "",
    "date_booked": "2025-10-21T13:05:03.015Z",
    "booking_code": "CGWBK-20251021-0001",
    "invoice_number": "CGINV-20251021-0001",
    "issue_date": null,
    "due_date": null,
    "amount_due": "0.00",
    "payment_status": "pending",
    "tax_rate": "0.00",
    "delivery_status": "In progress",
    "Image_link": null,
    "Video_link": null,
    "created_at": "2025-10-21T13:05:03.015Z",
    "updated_at": "2025-10-21T13:09:13.026Z",
    "packages": [],
    "Addons": []
  }
},
{
  "model": "events.booking",
  "pk": 87,
  "fields": {
    "client": 23,
    "event_type": "White Wedding",
    "event_description": "Wedding of Ifeanyi Lawrence Ugwu at Nsukka",
    "wedding_date": "2025-12-27",
    "location": "Nsukka",
    "additional_notes": "",
    "date_booked": "2025-10-25T07:31:44.350Z",
    "booking_code": "CGWBK-20251025-0001",
    "invoice_number": "CGINV-20251025-0001",
    "issue_date": null,
    "due_date": null,
    "amount_due": "0.00",
    "payment_status": "pending",
    "tax_rate": "0.00",
    "delivery_status": "In progress",
    "Image_link": null,
    "Video_link": null,
    "created_at": "2025-10-25T07:31:44.350Z",
    "updated_at": "2025-10-25T07:31:44.350Z",
    "packages": [],
    "Addons": []
  }
},
{
  "model": "events.booking",
  "pk": 88,
  "fields": {
    "client": 25,
    "event_type": "White Wedding",
    "event_description": "Traditional and White Wedding of Chika and Ejike",
    "wedding_date": "2025-12-23",
    "location": "Enugu State",
    "additional_notes": "",
    "date_booked": "2025-10-28T19:27:20.469Z",
    "booking_code": "CGWBK-20251028-0001",
    "invoice_number": "CGINV-20251028-0001",
    "issue_date": null,
    "due_date": null,
    "amount_due": "0.00",
    "payment_status": "pending",
    "tax_rate": "0.00",
    "delivery_status": "In progress",
    "Image_link": null,
    "Video_link": null,
    "created_at": "2025-10-28T19:27:20.469Z",
    "updated_at": "2025-10-28T19:27:20.469Z",
    "packages": [],
    "Addons": []
  }
},
{
  "model": "events.booking",
  "pk": 91,
  "fields": {
    "client": 27,
    "event_type": "Birthday",
    "event_description": "90th birthday celebration",
    "wedding_date": null,
    "location": "Ngwo, Enugu",
    "additional_notes": "",
    "date_booked": "2025-10-29T06:25:09.972Z",
    "booking_code": "CGWBK-20251029-0002",
    "invoice_number": "CGINV-20251029-0002",
    "issue_date": null,
    "due_date": null,
    "amount_due": "0.00",
    "payment_status": "pending",
    "tax_rate": "0.00",
    "delivery_status": "In progress",
    "Image_link": null,
    "Video_link": null,
    "created_at": "2025-10-29T06:25:09.972Z",
    "updated_at": "2025-11-09T19:02:09.239Z",
    "packages": [],
    "Addons": []
  }
},
{
  "model": "events.booking",
  "pk": 93,
  "fields": {
    "client": 24,
    "event_type": "Wedding",
    "event_description": "Traditional and white wedding between Anuli Ezegwui and Kenechukwu Ike",
    "wedding_date": null,
    "location": "Anambra, Enugu",
    "additional_notes": "",
    "date_booked": "2025-10-29T12:08:35.309Z",
    "booking_code": "CGWBK-20251029-0003",
    "invoice_number": "CGINV-20251029-0003",
    "issue_date": null,
    "due_date": null,
    "amount_due": "0.00",
    "payment_status": "pending",
    "tax_rate": "0.00",
    "delivery_status": "In progress",
    "Image_link": null,
    "Video_link": null,
    "created_at": "2025-10-29T12:08:35.309Z",
    "updated_at": "2025-10-29T12:08:35.309Z",
    "packages": [],
    "Addons": []
  }
},
{
  "model": "events.booking",
  "pk": 95,
  "fields": {
    "client": 29,
    "event_type": "Wedding",
    "event_description": "Church Wedding between Sopulu and Precious",
    "wedding_date": null,
    "location": "Nsukka",
    "additional_notes": "Prewedding on 17th December\nWedding on 3rd January",
    "date_booked": "2025-11-07T09:44:26.029Z",
    "booking_code": "CGWBK-20251107-0001",
    "invoice_number": "CGINV-20251107-0001",
    "issue_date": null,
    "due_date": null,
    "amount_due": "0.00",
    "payment_status": "pending",
    "tax_rate": "0.00",
    "delivery_status": "In progress",
    "Image_link": null,
    "Video_link": null,
    "created_at": "2025-11-07T09:44:26.029Z",
    "updated_at": "2025-11-09T18:00:39.613Z",
    "packages": [],
    "Addons": []
  }
},
{
  "model": "events.bookingdate",
  "pk": 2,
  "fields": {
    "booking": 84,
    "date": "2025-11-12"
  }
},
{
  "model": "events.bookingdate",
  "pk": 3,
  "fields": {
    "booking": 84,
    "date": "2025-11-15"
  }
},
{
  "model": "events.bookingdate",
  "pk": 9,
  "fields": {
    "booking": 93,
    "date": "2026-01-17"
  }
},
{
  "model": "events.bookingdate",
  "pk": 10,
  "fields": {
    "booking": 93,
    "date": "2026-01-24"
  }
},
{
  "model": "events.bookingdate",
  "pk": 12,
  "fields": {
    "booking": 95,
    "date": "2025-12-17"
  }
},
{
  "model": "events.bookingdate",
  "pk": 13,
  "fields": {
    "booking": 95,
    "date": "2026-01-03"
  }
},
{
  "model": "events.bookingdate",
  "pk": 16,
  "fields": {
    "booking": 91,
    "date": "2025-12-19"
  }
},
{
  "model": "events.bookingdate",
  "pk": 17,
  "fields": {
    "booking": 91,
    "date": "2025-12-20"
  }
},
{
  "model": "events.invoiceitem",
  "pk": 121,
  "fields": {
    "invoice": 69,
    "item_type": "other",
    "description": "Wedding",
    "deliverables": "",
    "quantity": "1.00",
    "price": "400000.00",
    "is_taxable": true,
    "is_discount": false,
    "tax_rate": "0.00",
    "package": null,
    "addon": null
  }
},
{
  "model": "events.invoiceitem",
  "pk": 136,
  "fields": {
    "invoice": 84,
    "item_type": "package",
    "description": "Silver Combo",
    "deliverables": "One photographer,\r\nOne Videographer,\r\n8x10inch Synthetic Photobook,\r\nFull Length Video on USB Drive,\r\nSoft Copies of entire Wedding Images,\r\nOne 16x20inch Enlargement Frame",
    "quantity": "1.00",
    "price": "1000000.00",
    "is_taxable": false,
    "is_discount": false,
    "tax_rate": "0.00",
    "package": 9,
    "addon": null
  }
},
{
  "model": "events.invoiceitem",
  "pk": 137,
  "fields": {
    "invoice": 84,
    "item_type": "discount",
    "description": "Discount applied",
    "deliverables": "N500,000 discount",
    "quantity": "1.00",
    "price": "500000.00",
    "is_taxable": false,
    "is_discount": false,
    "tax_rate": "0.00",
    "package": null,
    "addon": null
  }
},
{
  "model": "events.invoiceitem",
  "pk": 140,
  "fields": {
    "invoice": 86,
    "item_type": "package",
    "description": "Silver Combo",
    "deliverables": "One photographer,\r\nOne Videographer,\r\n8x10inch Synthetic Photobook,\r\nFull Length Video on USB Drive,\r\nSoft Copies of entire Wedding Images,\r\nOne 16x20inch Enlargement Frame",
    "quantity": "1.00",
    "price": "1000000.00",
    "is_taxable": false,
    "is_discount": false,
    "tax_rate": "0.00",
    "package": 9,
    "addon": null
  }
},
{
  "model": "events.invoiceitem",
  "pk": 141,
  "fields": {
    "invoice": 86,
    "item_type": "discount",
    "description": "Discount applied",
    "deliverables": "100% discount",
    "quantity": "1.00",
    "price": "1000000.00",
    "is_taxable": false,
    "is_discount": false,
    "tax_rate": "0.00",
    "package": null,
    "addon": null
  }
},
{
  "model": "events.invoiceitem",
  "pk": 142,
  "fields": {
    "invoice": 87,
    "item_type": "package",
    "description": "Basic Art Video",
    "deliverables": "Complete day coverage,\r\nOne videographer,\r\nOne Minute Wedding Highlight,\r\nFull Length Event Video,\r\nUSB Thumb Drive",
    "quantity": "1.00",
    "price": "350000.00",
    "is_taxable": false,
    "is_discount": false,
    "tax_rate": "0.00",
    "package": 2,
    "addon": null
  }
},
{
  "model": "events.invoiceitem",
  "pk": 143,
  "fields": {
    "invoice": 87,
    "item_type": "package",
    "description": "Photo Basic",
    "deliverables": "One photographer,\r\n150 Individually Edited Images,\r\nUSB thumb Drive of entire Wedding Images,\r\nOnline Viewing Gallery",
    "quantity": "1.00",
    "price": "350000.00",
    "is_taxable": false,
    "is_discount": false,
    "tax_rate": "0.00",
    "package": 3,
    "addon": null
  }
},
{
  "model": "events.invoiceitem",
  "pk": 144,
  "fields": {
    "invoice": 88,
    "item_type": "package",
    "description": "Silver Combo",
    "deliverables": "One photographer,\r\nOne Videographer,\r\n8x10inch Synthetic Photobook,\r\nFull Length Video on USB Drive,\r\nSoft Copies of entire Wedding Images,\r\nOne 16x20inch Enlargement Frame",
    "quantity": "1.00",
    "price": "1000000.00",
    "is_taxable": false,
    "is_discount": false,
    "tax_rate": "0.00",
    "package": 9,
    "addon": null
  }
},
{
  "model": "events.invoiceitem",
  "pk": 145,
  "fields": {
    "invoice": 88,
    "item_type": "discount",
    "description": "Discount applied",
    "deliverables": "N500,000 discount",
    "quantity": "1.00",
    "price": "500000.00",
    "is_taxable": false,
    "is_discount": false,
    "tax_rate": "0.00",
    "package": null,
    "addon": null
  }
},
{
  "model": "events.invoiceitem",
  "pk": 147,
  "fields": {
    "invoice": 93,
    "item_type": "package",
    "description": "Gold Combo",
    "deliverables": "Two photographer,\r\nTwo Videographer,\r\n3-5mins Event Highlight video,\r\nFull Length Video on USB Drive,\r\nSoftcopies of Entire Wedding Images,\r\nOne 12X24Inch Synthetic Photobook,\r\nThree16x20Inch Enlargement Frame",
    "quantity": "2.00",
    "price": "1250000.00",
    "is_taxable": false,
    "is_discount": false,
    "tax_rate": "0.00",
    "package": 5,
    "addon": null
  }
},
{
  "model": "events.invoiceitem",
  "pk": 148,
  "fields": {
    "invoice": 93,
    "item_type": "discount",
    "description": "Discount applied",
    "deliverables": "N500,000 discount",
    "quantity": "1.00",
    "price": "500000.00",
    "is_taxable": false,
    "is_discount": false,
    "tax_rate": "0.00",
    "package": null,
    "addon": null
  }
},
{
  "model": "events.invoiceitem",
  "pk": 149,
  "fields": {
    "invoice": 95,
    "item_type": "other",
    "description": "Custom Combo Package",
    "deliverables": "1x Photographer\n1x Videographer\n12x24inch synthetic photobook\nWedding Highlight Video\n3x Complementary Wall frames",
    "quantity": "1.00",
    "price": "800000.00",
    "is_taxable": true,
    "is_discount": false,
    "tax_rate": "0.00",
    "package": null,
    "addon": null
  }
},
{
  "model": "events.invoiceitem",
  "pk": 150,
  "fields": {
    "invoice": 91,
    "item_type": "other",
    "description": "Event Documentary",
    "deliverables": "Photography and Videography for medical outreach on 18th December\nSoft copies of images.\n3mins Highlight Video",
    "quantity": "1.00",
    "price": "500000.00",
    "is_taxable": true,
    "is_discount": false,
    "tax_rate": "0.00",
    "package": null,
    "addon": null
  }
},
{
  "model": "events.invoiceitem",
  "pk": 151,
  "fields": {
    "invoice": 91,
    "item_type": "discount",
    "description": "Discount",
    "deliverables": "N250000",
    "quantity": "1.00",
    "price": "250000.00",
    "is_taxable": false,
    "is_discount": true,
    "tax_rate": "0.00",
    "package": null,
    "addon": null
  }
},
{
  "model": "events.invoiceitem",
  "pk": 152,
  "fields": {
    "invoice": 91,
    "item_type": "other",
    "description": "Event Documentary",
    "deliverables": "Photography and videography for 90th birthday on 20th December\nFull  length Video\n3mins highlight\n12x24inch synthetic photobook",
    "quantity": "1.00",
    "price": "500000.00",
    "is_taxable": true,
    "is_discount": false,
    "tax_rate": "0.00",
    "package": null,
    "addon": null
  }
},
{
  "model": "events.payment",
  "pk": 5,
  "fields": {
    "invoice": 84,
    "amount_paid": "350000.00",
    "payment_date": "2025-10-28T22:02:55Z",
    "payment_method": "Bank Transfer",
    "transaction_id": "",
    "notes": "",
    "created_at": "2025-10-28T22:03:32.622Z",
    "updated_at": "2025-10-28T22:03:32.622Z",
    "receipt_number": "CGRCP-20251028-0001",
    "receipt_issued_at": null,
    "status": "Pending"
  }
}
]
